// Automatically generated, DO NOT TOUCH!
2598732712,r_cmdbuf_worker
1977453552,snd_losOcclusion
4030101409,cg_fov_default
2408573464,cg_fov_default_thirdperson
1320981565,cg_chatHeight
4144903393,sv_cheats
3214943890,allClientDvarsEnabled
585792938,
3783183684,
2613233622,
3412645267,con_gameMsgWindow0Filter
1124280994,con_gameMsgWindow1Filter
2558421677,con_gameMsgWindow2Filter
22565020,con_gameMsgWindow3Filter
3003360491,con_gameMsgWindow0MsgTime
1973798668,con_gameMsgWindow0LineCount
2822124445,con_gameMsgWindow0ScrollTime
2341320881,con_gameMsgWindow0FadeInTime
2243370094,con_gameMsgWindow0FadeOutTIme
3418176431,con_gameMsgWindow0SplitscreenScale
2727095364,con_gameMsgWindow1MsgTime
2392044527,con_gameMsgWindow1LineCount
1488035796,con_gameMsgWindow1ScrollTime
2833502964,con_gameMsgWindow1FadeInTime
248802349,con_gameMsgWindow1FadeOutTIme
3260986014,con_gameMsgWindow1SplitscreenScale
2437711729,con_gameMsgWindow2MsgTime
3278365618,con_gameMsgWindow2LineCount
1057827391,con_gameMsgWindow2ScrollTime
3087668307,con_gameMsgWindow2FadeInTime
3615842116,con_gameMsgWindow2FadeOutTIme
1308688581,con_gameMsgWindow2SplitscreenScale
3941806874,con_gameMsgWindow3MsgTime
88267285,con_gameMsgWindow3LineCount
351026510,con_gameMsgWindow3ScrollTime
268314942,con_gameMsgWindow3FadeInTime
3167563323,con_gameMsgWindow3FadeOutTIme
836963100,con_gameMsgWindow3SplitscreenScale
3567006651,con_typewriterColorBase
1325969519,
2153981802,
3001185319,
3412356763,
227670685,
3086194294,
357729970,
121487565,
989687049,
168877334,
2781942071,
2491568901,
2975459945,
3605209101,
4205658701,
3335710872,
373926546,live_steam_server_name
1846240971,live_steam_server_description
3253503048,live_steam_server_password
958446896,
2481497342,
3993489473,live_steamid
2644714158,
1717291764,
3277096872,
2288066300,
4054715240,
4138705399,
1486369341,
1893717505,
591728527,
837662378,
32138822,
2155654888,
684169654,
236557253,net_noudp
54007503,
3262587637,net_socksServer
3834440397,net_socksPort
558682364,net_socksUsername
4104718671,net_socksPassword
2133102410,net_ip
3466460768,net_port
3035381317,
731054360,
3564592519,
2309898878,
3503376376,ui_forceQueue
747306933,live_whitelistFatal
705177621,username
3376409882,
1543076501,fs_game
3311981820,
3979040476,g_erroronpathsnotconnected
2214911314,gamename
1110367579,gamedate
3416460652,
2613681093,g_campaign_mode
3686915789,g_gametype
1074039875,g_log
3591820523,g_logTimeStampInSeconds
1355631590,g_synchronousClients
4234487688,g_password
643585828,g_banIPs
1165947540,
175385335,
3256346688,g_speed
410732904,g_knockback
1004127384,g_pickupPromptsForDroppedWeapons
2819170615,
617084959,
2524283777,
1959866462,g_maxDroppedWeapons
2984228535,g_debugAccuracy
148355579,g_debugDamage
2474717491,g_debugBullets
2841418728,g_debugBulletDuration
4152323953,g_debugBulletEntityType
2284799754,g_vehicleDrawPath
2439566943,g_vehicleDrawSplines
1974889741,g_ai
2309183906,g_spawnai
4126773309,g_aiEventDump
3569386014,ai_avoidNavBoundaries
679204757,
1991942505,
4263580567,
1932729301,ai_avoidOthersAtCloseDist
3653731276,
350201188,
2338206586,
1454556850,ai_useFacingTranslation
2766966635,ai_useLeanRunAnimations
3295550415,ai_useBetterLookahead
3064497121,ai_slowdownMinYawDiff
2594619499,ai_slowdownMaxYawDiff
4087904081,ai_slowdownMinRate
3865632977,ai_slowdownRateBlendFactor
3587777560,ai_angularYawEnabled
615639037,ai_angularYawAccelRate
3950660529,ai_angularYawDecelFactor
359378158,ai_trim_path_zigzags
3913548087,ai_corpseCount
1913149012,ai_showNodes
3394660788,ai_showNodesDist
3460469513,ai_showNearestNode
3909701613,ai_showVisData
1827239746,ai_showOffMeshNodes
2685167980,ai_adjustOffMeshNodes
1567257197,ai_showVisDataDist
668521562,ai_showCount
3115811262,ai_debugCoverTool
3167746491,ai_showPaths
871817608,ai_showPathFindNodes
1363629608,ai_debugTurnRate
203470395,ai_debugFindPath
3811092296,ai_debugFindPathDirect
3093501193,ai_debugFindPathWidth
2076423714,ai_debugFindPathLock
2785880099,ai_disableSpawn
2095767979,ai_moveOrientMode
4180554893,ai_ShowCanshootChecks
2109753236,ai_pathNegotiationOverlapCost
3914984510,ai_pathChokePointCost
2457420901,ai_pathRandomPercent
1687422919,ai_clampToNavMeshEnabled
3461516646,ai_showPotentialThreatDir
3972921899,ai_debugCoverEntityNum
287383706,ai_showDodge
3969860708,ai_noDodge
3773208225,ai_pathMomentum
1528801369,ai_debugMayMove
4065146915,ai_showVolume
3249366301,ai_debugAnimDeltas
3911673229,ai_accuracyDistScale
1631545274,ai_debugCoverSelection
2932382886,
4113348139,ai_debugThreatSelection
2807201512,ai_debugMeleeAttackSpots
408158684,ai_debugAccuracy
1728451418,ai_debugEntIndex
3622063587,ai_debugTargets
2678377300,ai_showClaimedNode
1303258809,ai_debugArrivals
180936918,ai_arrivalLookaheadDistance
2129359875,ai_exitLookaheadDistance
476613236,ai_eventDistBadPlace
2035188094,ai_debugCodeBehaviorTree
2123344582,ai_validateBehaviorTree
1185932506,
615930865,
2857716021,
529965771,
3447814728,
2234644882,ai_codeGameskill
3289520729,
1989130925,
1113199987,
1646879324,g_debugBehaviorStateMachine
2250533989,g_validateBehaviorStateMachine
1424227574,ai_stumbleSightRange
2935793332,ai_stumbleSightFOV
341318980,ai_playerNearAccuracy
3724629470,ai_playerNearRange
559149039,ai_playerFarAccuracy
395782047,ai_playerFarRange
2725433042,ai_playerLOSHalfWidth
954268282,ai_threatUpdateInterval
3396975135,ai_secondaryThreats
969313078,
3693855434,
1705850036,
4280945455,ai_foliageSeeThroughDist
1622710768,ai_friendlySuppression
1112213984,ai_friendlySuppressionDist
3029489486,ai_friendlyFireBlockDuration
3744574962,ai_showSuppression
1500317271,ai_pathSuppressionEnabled
1166563781,ai_meleeRange
3422362706,ai_meleeWidth
1414958745,
156145645,
3533605299,
428116539,ai_meleeHeight
1851914066,
2757697910,
2685514376,
1999803477,ai_meleeDamage
868077374,ai_doNotDamageTeammates
2961018485,
20365641,
2271215351,
2313596547,ai_dogMeleeRange
4268613832,ai_dogMeleeWidth
2483046781,ai_dogMeleeHeight
3557852554,ai_maxAttackerCount
3773190004,ai_showPerfInfo
3431847083,ai_perfInfoSortType
456860694,ai_scaleSightUpdateLatency
2643606258,ai_coverScore_dangerousNode
2983633152,ai_coverSearchInterval
2856144507,ai_coverScore_coverType
2569726123,ai_coverScore_distance
1868722543,ai_coverScore_engagement
439306495,ai_coverScore_nodeAngle
575018661,ai_coverScore_playerLos
3805017314,ai_coverScore_priority
1106782918,ai_coverScore_targetDir
63430462,ai_coverScore_visibility
1360722620,ai_coverScore_flanking
2597040904,ai_coverFlankMaxAngle
1291608909,ai_coverFlankDistToCover
3691904242,ai_coverFlankCheckRad
1069413718,ai_accuracy_attackerCountDecrease
2901783044,ai_accuracy_attackerCountMax
4045417076,ai_showCoverScore
643211020,ai_awarenessEnabled
1093381973,
4151079306,bullet_penetrationEnabled
3427497222,g_entinfo
91744205,g_entinfo_type
2165787798,g_entinfo_AItext
1029015581,g_entinfo_maxdist
2967015941,g_entinfo_scale
1780064591,g_motd
453910850,g_allowVote
3495777632,g_TeamIcon_Allies
3031256769,g_TeamIcon_Axis
3997388140,g_TeamIcon_Free
99663237,g_TeamIcon_Spectator
804295131,g_ScoresColor_MyTeam
2388009033,g_ScoresColor_EnemyTeam
2558829885,g_ScoresColor_Spectator
2965708804,g_ScoresColor_Free
2485580584,g_ScoresColor_Allies
4162612377,g_ScoresColor_Axis
492543721,g_customTeamName_Allies
2570816256,g_customTeamName_Axis
714526077,g_customTeamName_Three
2020597850,g_TeamName_Allies
2424980939,g_TeamName_Axis
4092756848,g_TeamName_Three
2844936742,g_TeamColor_Allies
2769683119,g_TeamColor_Axis
2387056589,g_TeamColor_MyTeam
2564438323,g_TeamColor_EnemyTeam
3882186854,g_TeamColor_MyTeamAlt
1297796464,g_TeamColor_EnemyTeamAlt
3710925720,g_TeamColor_Party
3251249291,g_TeamColor_Spectator
3445576686,g_TeamColor_Free
2142755313,g_debugLocDamage
2777154652,g_debugLocDamageEntity
3301534029,g_debugLocHit
1317386218,g_debugLocHitTime
3224146257,g_debugHitBrush
4076399692,g_debugHitSurface
2384892099,g_friendlyNameDist
194012407,melee_debug
1617597360,player_throwbackInnerRadius
3566193917,player_throwbackOuterRadius
3071960036,
671842220,
1322284306,
227023372,
1080379147,
272594531,
3751649117,
3320495245,
176402868,
415047740,
1065489826,
3917715200,player_useRadius
3827579471,
975807047,
903623513,
4199365028,player_MGUseRadius
772664911,
3852851878,
3963956346,
1975950948,
2729754405,vehicle_useRadius
1910346155,g_minGrenadeDamageSpeed
3536353794,g_compassShowEnemies
3195024445,pickupPrints
2251310791,
3706400115,
3597297562,
3750289070,
3924067536,
3113195893,
2673741121,
331747389,
4007502037,g_dumpAnims
1730335407,g_dumpAnimsCommands
1640328236,g_dumpAnimsReduceSpam
961232041,g_useholdspawndelay
1559400075,g_redCrosshairs
95895932,g_mantleBlockTimeBuffer
4220163434,g_vehicleDebug
1484544509,vehGunnerSplashDamage
1023251288,g_quadrotorFlyHeight
1016627841,g_avoidEnabled
1625749512,
1525275072,
1775954078,
3020339215,turretPlayerAvoidScale
2674980413,g_vehiclePlaneCurveTime
2888118158,
3903834365,g_actorAndVehicleAntilag
2734805930,g_actorAndVehicleAntilagDebug
586753746,g_broadcastLocalSound
879593961,g_drawGrenadeHints
2566536215,g_throttleTempEnts
3847571550,
2408908258,
1758466172,
354430844,g_deathcameratraceheight
2991543946,vehicle_collision_prediction_time
1645691858,vehicle_collision_prediction_crash_time
2230046397,missileHellfireMaxSlope
3616488263,missileHellfireUpAccel
2852064943,missileJavClimbHeightDirect
72172061,missileJavClimbHeightTop
961395161,missileJavClimbAngleDirect
4001437759,missileJavClimbAngleTop
4237115709,missileJavClimbCeilingDirect
1519234323,missileJavClimbCeilingTop
1953760374,missileJavTurnRateDirect
546214542,missileJavTurnRateTop
3160063861,missileJavAccelClimb
1281273428,missileJavAccelDescend
2638359979,missileJavSpeedLimitClimb
2653524414,missileJavSpeedLimitDescend
1396502362,missileJavTurnDecel
1404298499,missileJavClimbToOwner
1559084184,missileDroneClimbHeightDirect
3806802088,missileDroneClimbHeightTop
2458680952,missileDroneClimbAngleDirect
266000392,missileDroneClimbAngleTop
2041316472,missileDroneClimbCeilingDirect
4102007304,missileDroneClimbCeilingTop
1522223967,
2002668306,missileDroneTurnRateAscent
3245828266,missileDroneTurnRateAvoidance
1152800303,missileDroneTurnRateSmallAdjustments
2236594795,missileDroneflattenRollRatio
3955770156,missileDroneDistanceAvoidance
1984823819,missileDroneDistanceAvoidanceSec
2489317162,missileDroneDistSqTargetAvoidanceDisabled
3216004861,missileDroneTurnMaxRoll
525806801,missileDroneTurnMaxRollChange
3585208730,missileDroneTurnMaxRate
2594740380,missileDroneAccelClimb
572673457,missileDroneAccelDescend
3002194764,missileDroneSpeedLimitClimb
118729345,missileDroneSpeedLimitDescend
3230089620,missileDroneClimbMaxDist
381892921,missileDroneTurnDecel
3316706420,
2368669582,missileDroneClimbToOwner
2732497995,missileTVGuidedStickDeadzone
3765323482,missileTVGuidedTurnRate
2335945185,missilePlantableSize
398050134,missileMolotovBlobNum
1394675073,missileMolotovBlobTime
561489830,missileTVGuidedBoost
3255674384,missileTVGuidedBoostSpeedUp
1535611551,missileTVGuidedBoostSpeedDown
4019432705,missileTVGuidedMaxRollAngle
4287163427,missileTVGuidedTurningRollAccel
1134350698,missileTVGuidedFlatteningRollAccel
4156968014,missileTVGuidedMPSpecific
117725763,
2050593500,grenadeRestThreshold
3062259691,grenadeRollingEnabled
2751897655,grenadeFrictionLow
1462047955,grenadeFrictionHigh
2286485621,grenadeFrictionMaxThresh
1998686586,
3532215296,
1656975158,
2350803247,grenadeBumpFreq
4014010486,grenadeBumpMag
3245344321,grenadeBumpMax
1996681044,grenadeWobbleFreq
2814662282,grenadeWobbleFwdMag
4042120848,grenadeWobbleSideMag
3586848725,grenadeWobbleSideDamp
978284256,grenadeCurveMax
2067287490,
511540176,
2391792808,
3201829254,
2797408756,
2059919315,
4219256182,
1621207781,
1706792479,
1325502011,grenadeBounceRestitutionMax
893040939,
3647244912,
1625887535,
95051647,airburstAdjustDistance
1666308380,
3701630615,
4021147157,
1158377505,
604461520,
2706232512,
3076520061,dynEnt_damageRadiusScale
4258233039,dynEnt_shouldCullEntitiesForSplitscreen
2072731686,
2183836154,
195830756,
298745956,bg_viewKickScale
3884209491,
548635483,
718507909,
2300134128,bg_viewKickMax
590090687,
2938627895,
687778185,
4095129678,bg_viewKickMin
4121996549,
2837548313,
2951308551,
3368259140,bg_viewKickDeflectTime
4020863219,
281620091,
875949989,
2620592465,bg_viewKickRecoverTime
1712155928,
2843428624,
3094107630,
4024559114,bg_viewKickScaleAds
1165752097,
3459428197,
3289555771,
12899238,bg_viewKickMaxAds
11191053,
1181852913,
1432531919,
1110656300,bg_viewKickMinAds
2099012331,
1736473539,
475315005,
1413834090,bg_viewKickDeflectTimeAds
2052012865,
495967493,
326095067,
111658373,bg_viewKickRecoverTimeAds
2369506108,
742968980,
2285728554,
722261244,bg_movingPlatformPitchScale
1713949767,bg_scriptCanDisableStances
3599360078,
1255354450,
604912364,
1353394218,bg_useThrowButtonForDetonatorGrenades
2008861825,
452816453,
4153453851,
1514189190,
3912261293,
787955857,
1017846511,
3942728859,bg_perksCacheTestOld
560354938,bg_chargeShotUseOneAmmoForMultipleBullets
2807191391,bg_chargeShotExponentialAmmoPerChargeLevel
904133709,bg_zm_dlc1_chargeShotMultipleBulletsForFullCharge
960590031,player_view_pitch_up
331559228,player_view_pitch_down
2431141726,player_view_swim_pitch_up
3496902673,player_view_swim_pitch_down
2262990956,player_lean_shift
3556440389,player_lean_shift_crouch
3020690605,player_lean_rotate
71324745,player_useWaterFriction
2598709664,
2221791304,
2335551542,
1183241376,player_useWaterWadeScale
798036271,
2241231143,
2169047609,
2873498841,player_shallowWaterWadeScale
2538698621,player_waistWaterWadeScale
2952912226,player_lean_rotate_crouch
1433604149,bg_prone_yawcap
795175716,scr_team_fftype
3842045331,
123590555,
717920453,
539196771,bg_friendlyFireMode
4092112650,
813902494,
563223488,
1639096468,bg_fallDamageMinHeight
3549608003,
1471105931,
4181736949,
3677487950,bg_fallDamageMaxHeight
2795883443,friction
1217424646,stopspeed
2529336100,bg_swingSpeed
4048864756,bg_proneSwingSpeed
3394795887,bg_legYawTolerance
3858027981,bg_legYawCrouchTolerance
3938464693,bg_legYawProneTolerance
3733868564,bg_forceDurationOverride
1805278667,bg_blendTimeOverride
451879281,bg_weaponBobFrequencySwimming
3432910144,bg_forceExplosiveBullets
2878363893,bg_weaponOffscreenReloadScale
204844536,bg_bulletPenetrationTreatVoidsAsSolid
4009274749,bg_grenadeMinimumThrowbackTime
1589699940,
3484549420,
4134991506,
3343673585,bg_weaponCompatibleIfSharedAmmo
3259555192,
137437296,
367327950,
2718216726,bg_meleePreLungeTime
524695310,bg_aimSpreadMoveSpeedThreshold
3395616727,bg_maxGrenadeIndicatorSpeed
1518254090,bg_forceAnimOverrideTimerCheck
723763389,bg_playerAnimStanceAllowMovementInteruptTime
4128721338,disableLookAtEntityLogic
175742225,
2396739029,
3960286955,
773446479,player_scopeExitOnDamage
3628701674,player_adsExitDelay
621257004,player_move_factor_on_torso
2205656992,player_debugHealth
854373530,player_sustainAmmo
2481205113,player_clipSizeMultiplier
2014910620,player_lastStandBleedoutTime
1652649627,
2909275187,
3826782829,
974027982,player_lastStandBleedoutTimeNoRevive
658452698,revive_time_taken
248184868,player_lastStandHealthOverlayTime
1725843608,player_reviveTriggerRadius
1088416558,player_revivePlayerListCycleTime
1357961551,player_lastStandDistScale
3031161766,
3142266234,
1154260836,
3238846674,player_ProneMinPitchDiff
2388179993,
1129366893,
211859251,
1930891750,player_ProneLaststandFreeMove
1353917389,
2483002545,
2309224079,
1339579393,bg_vsmode_hud
4124983755,player_enableShuffleAnims
1911332824,player_animRunThreshhold
3300835760,player_animWalkThreshhold
4283650920,player_runbkThreshhold
1784751031,player_moveThreshhold
900522411,player_footstepsThreshhold
2655578130,player_sprintTime
2344739582,player_turnAnims
1201181575,player_standingViewHeight
198828143,player_disableWeaponsOnVehicle
1933280624,player_lookAtEntityAllowChildren
1629102205,player_meleeRangeDefault
2585820772,
185702956,
836145042,
719959101,player_meleeWidth
2422589604,
3892981612,
248456402,
950565590,player_meleeHeight
2607316733,
4233538657,
2326339839,
2011660334,player_sliding_wishspeed
2020379557,
311473849,
383657383,
2767561700,player_sliding_velocity_cap
417231998,player_sprintUnlimited
2646842933,
3959580681,
1915463095,
3112823097,bg_useT7Melee
1840607760,
987340984,
1059524518,
2245073120,bg_t7MeleeUseAssassinationState
129589934,
4014388791,bg_t7MeleeHeightCheck
1021094919,
456165197,
2290238566,bg_t7MeleeControlScheme
2065653993,bg_t7BlockMeleeUsageTime
1625337076,
3913213924,bg_counterMeleeTime
1713345398,tu4_enableMeleeWeaponFlourish
4083018973,
989816129,
3377584607,
2228499738,tu5_zmEnableClipOnlyWeaponFlourish
1536019633,
3777804789,
1067173771,
2880815930,tu5_defaultMaxHeroAttachmentsToZero
2556602769,
482632277,
2046180203,
2480372246,tu5_zmPathDistanceCheckTolarance
3836554173,
1209385505,
3172696511,
519688208,player_meleeInterruptFrac
895846720,player_meleeChargeMaxSpeed
3951593487,
1565855239,
1452095001,
2317252626,player_meleeChargeMinSpeed
2697721305,
1397331501,
521400563,
1409694160,player_meleeLungeAcceleration
545883103,
2915208663,
685147305,
2188658134,player_meleeLungeUnderwaterSpeedScale
3287359485,
618614113,
3006382591,
4108141622,player_meleeLungeSpeedCutoff
3334576413,
707407745,
3095176223,
1854274110,player_meleeLungeDeviationCutoff
132337525,
1486651977,
3737501687,
1977284248,player_meleeLungeTimeCutoff
3385866039,
1183780383,
3090979201,
1120749765,player_meleeChargeFriction
3102962952,player_meleeChargeCancelOnVictimDeath
1903300100,player_zombieMeleeRange
2532664091,player_zombieMeleeWidth
3871896280,player_zombieMeleeHeight
4201218935,bg_gravity
753036411,bg_lowGravity
1509251442,bg_moonGravity
1167697042,bg_waterGravity
3378890854,player_swimTime
4039485261,
873603121,
699824655,
4071302558,player_swimDamage
822877315,player_swimDamagerInterval
3612314002,player_viewLockEnt
2733797946,player_viewRateScale
563488135,player_armPulseEnabled
2667353358,
323347730,
3967872940,
3151654073,player_forceRedCrosshair
2397005055,bullet_penetrationMinFxDist
1003258340,bullet_ricochetBaseChance
1782059963,
1690710994,
2596494838,
2524311304,
816518784,ragdoll_activationVelocitySq
1373516410,cg_cinematicFullscreen
3260419312,cg_isGameplayActive
4117652834,cg_debugMounting
4233904735,dog_MeleeDamage
615027318,dog_turn90_angle
3743929154,dog_turn180_angle
1459444237,dog_turn_min_goal_dist
1485983399,
2610436590,
266430962,
3910956172,
181726262,
3388903709,
761735041,
3149503519,
1379132229,
4280053884,
2229059284,
4237853034,
1799873770,
3742554561,
2186509189,
2016636763,
2323987142,vehLockTurretToPlayerView
1524652229,vehLocationalVehicleSeatEntry
1637001717,vehicle_riding
1105523244,
1651714628,
3660508378,
1344412560,vehicle_selfCollision
1963630879,
3908498967,
1636860905,
4167118471,debugRenderPlayerCollision
1383560967,tu4_zmChangePlayerStandOnSentients
2193107342,
4144069010,
3493626924,
4024749434,tu5_zmChangeSlamUseWalkable
4167520337,
2135126549,
4123131947,
3432143902,tu7_zmInAirDisabledTimeoutTime
1456137621,
2768875369,
745546135,
822832439,tu9_zmDisableMeleeChargeJump
687267774,
3139902658,
2489460572,
707160076,tu5_zmChangeOffhandGearWeaponChange
3600593163,
2792808547,
1976895837,
1836781400,tu6_mpStackFirePitchChange
1109616401,tu6_mpReconstructTrailForOtherPlayers
1561728301,tu6_mpReconstructTrailForTriboltCrossbow
712595199,tu11_mpReconstructTrailsForStationaryEntities
466741725,tu11_mpNewCodCasterKeyline
546143450,tu6_mpMeleeAttachmentObitIcon
4208063052,
3792356315,tu7_mpNoVehicleNeutralTeamTargetHighlight
2187584051,tu7_mpDoNotSetBallisticAnglesWhenLinked
533072863,tu7_mpUseNewBounceMissileMayStopFleshLogic
3857909802,tu7_mpUseImprovedMissileStickAngles
3539815354,tu8_mpLootWeaponPurchasedCheckEnabled
2428548427,tu8_animTimeResetInterval
1481602778,tu8_trmRestrictionLevel
2199017715,tu8_mpChallengesGroupPrereqFix
1332344234,tu8_yySlideExploitFix
1147610815,tu9_yySlideExploitFix
2731418879,tu9_entryExitImpactSurfaceNormalFix
1492120340,tu9_jitterModExploitFix
3660625715,tu12_switchToWeaponImmediateFix
3785470262,
3651969228,
465929306,
1259393776,tu10_mpSwitchSpecialistWeaponExploitFix
3316103360,
1061617954,tu11_IgnoreItemsWithPLevel100InIsItemLockedForChallenge
1839281257,
3235482749,
160097283,
3826787593,tu11_AllowIgnoreDisabledWeaponCyclingInActionSlotUsageAllowed
1876317152,
1074941320,
1147124854,
1329377392,
3607829600,tu11_programaticallyColoredGameFX
551221121,mp_blackjack_consumable_wait
850834569,tu11_enableClassicMode
4159095673,tu11_enableVehicleMode
834094377,
269301998,
4066937637,tu12_mpMaintainMissileSpeed
3200749994,tu12_zmHideLegsWithViewmodel
3069652487,
3703672462,
1359666834,
709224748,
448903880,
2405369191,
1397990415,
1571768881,
3948280878,
3478272410,
929424654,
3676079337,
1958280843,
3671449762,
4080096838,
3966336600,
4056803795,
395203973,bg_shieldHitEncodeWidthWorld
75312652,bg_shieldHitEncodeHeightWorld
2703822824,bg_shieldHitEncodeWidthVM
3222697031,bg_shieldHitEncodeHeightVM
3635067058,bg_disableWeaponPlantingInWater
3076926159,bg_plantInWaterDepth
3756120280,bg_disableWeaponPlantingGroundTrace
3723330551,
1055210719,
2962409537,
2471238636,bg_gunXOffset
308948030,bg_slopeFrames
2438460586,disable_rope
53629902,vehicle_sounds_cutoff
2846411454,footstep_sounds_cutoff
1631399378,bg_teleportAlignTime
780255108,waterbrush_entity
437021614,playerPushAmount
2369216167,scr_player_sprinttime
2477797938,scr_dynamic_source_loading
2044553749,bg_anim_blend_turn_speed_max
144729514,
1592204554,slide_fallDamageReduction
2645433390,slide_forceBaseSlide
402218917,
2988280505,
3060464039,
4107978049,actors_walkable
1963449672,
1862975232,
1689196766,
2235464131,bg_serverDelayDamageKickForPing
784352364,bg_useClientDamageKick
2142524010,wallRun_avoidanceEnabled
3452772922,wallRun_avoidanceProbeDistance
3446202840,wallRun_avoidanceMinSpeedScale
1692531632,wallrun_avoidanceDot
2297140233,wallrun_jumpLateralLimit
162324704,
3655916168,
3728099702,
307565742,wallRun_peakTest_zm
2063795176,
761856473,
2138408145,walkMove_avoidanceEnabled
4186162161,walkMove_avoidanceProbeDistance
3560684139,walkMove_avoidanceMinSpeedScale
227047759,walkMove_avoidanceDot
1543365545,walkMove_avoidanceSpeedDifferentialThreshold
3586559300,slam_enabled
787904350,mantle_enabled
2705273941,
4059588393,
1994682455,
3562097478,trm_enabled
1859772653,
2564400337,
2835867695,
128990636,
2948148331,
2585609539,
1324451005,
2789657304,juke_enabled
3656374775,
988254943,
2895453761,
2822796966,wallRun_enabled
856484877,
2027146737,
2277825743,
2881446720,
862950927,
2772179975,
2658419737,
2912789237,sprintLeap_enabled
2823789868,
3369981252,
1083807706,
3056643996,sprint_capSpeedEnabled
3126490011,
88148275,
1005655917,
2112314389,weaponrest_enabled
831763340,
1823200548,
3386748474,
1682010455,traverse_mode
158780958,
2590627490,
1940185404,
3948754643,sprint_allowRestore
281318586,
413521742,
183631088,
1782424411,playerWeaponRaisePostIGC
4145289728,cl_specialOffhandInventorySwitch
3264021327,
412248903,
340065369,
3612525824,
2159428687,
3602623559,
3530440025,
909601278,mantle_enable
4115043140,mantle_debug
986168859,mantle_check_range
1992890286,mantle_adjustment_mp
63402533,
2649464121,
2721647655,
1969707141,mantle_check_range_mp
1521669790,mantle_check_radius
3494079965,mantle_check_angle
460293005,mantle_check_glass_extra_range
1714487940,mantle_view_yawcap
1083615927,mantle_weapon_height
3818240129,mantle_weapon_anim_height
2075205332,vehicle_push_during_mantle
2785540326,prone_bipod_enable
1779066046,hatch_check_enable
3502894837,
562241993,
2813091703,
4182814239,hatch_mantle_up
1549069899,hatch_mantle_fwd
1574892214,trm_enable
608373021,
3397359192,shieldImpactBulletShakeScale
1647912554,shieldImpactBulletShakeDuration
3178593272,shieldImpactMissileShakeScale
4019549322,shieldImpactMissileShakeDuration
3414235845,shieldImpactExplosionLowShakeScale
1563428137,shieldImpactExplosionLowShakeDuration
3060467585,shieldImpactExplosionHighShakeScale
1432180661,shieldImpactExplosionHighShakeDuration
700697826,shieldImpactExplosionThreshold
1408557035,shieldDeployShakeScale
2409218031,shieldDeployShakeDuration
2325382823,riotshield_deploy_limit_radius
3792054858,riotshield_bullet_damage_scale
2061156147,riotshield_explosive_damage_scale
3332942056,riotshield_melee_damage_scale
1355419269,riotshield_projectile_damage_scale
1066951294,riotshield_deployed_health
2211547047,riotshield_destroyed_cleanup_time
3106988638,riotshield_deploy_pitch_max
154754835,riotshield_deploy_roll_max
1004099839,riotshield_deploy_zdiff_max
965203682,riotshield_assist_time
4288299615,riotshield_damage_score_threshold
2472983028,riotshield_damage_score_max
2241229828,shieldBlastDamageProtection_30
1798586675,
2354310843,
2524183269,
3370277411,shieldBlastDamageProtection_60
3807421770,
104754142,
278532608,
417238440,shieldBlastDamageProtection_120
2094469255,
1107878831,
836411473,
3743878342,shieldBlastDamageProtection_180
852936045,
1557563729,
1829031087,
3307616139,shieldPlayerBulletProtectionDegrees
337924044,
1617004059,
4293558092,
1739527119,
4081838886,
4192943354,
2204937956,
1901727613,vehanim_enable
3477793589,vehanim_debug
3825735645,
2238801011,
1323781274,
1476772782,
1650551248,
228526605,
953760308,
1192405180,
1842847266,
1901313306,
2540332209,
487150069,
2071486347,
226936940,bg_aqs
2035796427,bg_aqsStyle
639497563,bg_ads
1233447432,bg_bobcycleResetThreshold
2624976258,adsZeroSpread
4022858723,bg_deferScriptMissileDetonation
1408580485,bg_isolateDamageFlash
1477021067,bg_limitGrenadeImpacts
4173294220,bg_zombiePlayerUsesUtilityClip
1448521002,friendlyContentOutlines
507911041,
3246832965,
2652503067,
2332606384,cg_t7HealthOverlay_Threshold3
3734890495,
1830037111,
3874154697,
2970303001,cg_t7HealthOverlay_Threshold2
268932528,
3265387224,
3379147462,
3607999618,cg_t7HealthOverlay_Threshold1
2761875337,
4137288477,
1082691363,
615166863,enable_global_wind
4161423636,enable_grass_wind
1160359271,wind_global_vector
3075090897,wind_global_low_altitude
1876199520,wind_global_hi_altitude
3424221186,wind_global_low_strength_percent
1560029129,wind_leaf_scale
1008587961,wind_grass_gustInterval
2061164635,wind_grass_scale
4013185823,wind_grass_tension
3280977506,wind_grass_gust_speed
546627179,wind_grass_gust_radius
3740596202,wind_grass_gust_strength
2701175308,wind_grass_gust_distance
270968516,wind_debug_display
3221361372,
1210115658,
801919487,
64652649,
2816168157,
3754480037,
913883676,
244915061,
1826629088,
395420861,
2783253605,
1972275036,
4195459380,
1888497482,
594486709,
3639793322,
2601655346,
3777369238,
3199420159,
1349803958,
1608178009,spawnsystem_debug
2171100684,spawnsystem_debug_best_points
1429042561,spawnsystem_debug_points
125604312,spawnsystem_debug_point_weights
1187143712,spawnsystem_debug_influencers
498223159,spawnsystem_debug_influencer_types
2838940223,spawnsystem_debug_influencer_pulse
988891595,spawnsystem_debug_player
2054668975,spawnsystem_debug_team
3895641498,spawnsystem_debug_sideswitched
581418264,spawnsystem_debug_visibility
2260253852,spawnsystem_debug_visibility_time
945628414,spawnsystem_debug_archive
3350744301,spawnsystem_debug_showclients
436057622,spawnsystem_debug_liveedit
2089093288,spawnsystem_debug_reduced_logging
1922141692,spawnsystem_influencer_sight_line
1207450825,spawnsystem_influencer_sight_line_push_through
3634174544,spawnsystem_influencer_sight_line_min_length
1738576512,spawnsystem_influencer_sight_line_update_interval
1815469013,spawnsystem_sight_check_max_distance
3716092123,spawnsystem_sight_height_offset
1970041496,spawnsystem_sight_check_dual_point
1746305837,spawnsystem_sight_use_player_current_view_height
1415239737,spawnsystem_sight_check_dual_point_radius
2998167774,spawnsystem_badspawn_damage_delay
1970377569,spawnsystem_badspawn_aggression_delay
16453994,spawnsystem_badspawn_force_record
369952014,spawnsystem_allow_culling
3707520003,spawnsystem_danger_time
1365819852,spawnsystem_score_cull_time_max
2354209762,spawnsystem_score_cull_time_min
947143667,spawnsystem_score_cull_percent
4016949574,spawnsystem_score_cull_min_points
187473576,spawnsystem_allow_non_team_spawns
3482227982,spawnsystem_demo_max_written
469117476,spawnsystem_demo_enable_parsing
4111707399,spawnsystem_old_vis_mask
3391578175,
2503039568,g_fogColorReadOnly
3901092617,g_fogStartDistReadOnly
1063039544,g_fogHalfDistReadOnly
2065346277,vehPlaneRollDeadzone
1356565847,vehPlaneRollAccel
678644166,vehPlanePitchAccel
782743610,vehPlaneYawSpeed
908262566,vehPlaneYawFromRollScale
1671536340,vehPlaneLiftForce
2722820761,vehPlaneFakeLiftForce
2894720311,vehPlaneLowSpeed
3641014279,vehPlaneGravityForce
1144434514,vehicle_switch_seat_delay
3581430134,vehicle_damage_max_shielding
282181714,vehicle_damage_zone_front
1982167132,vehicle_damage_zone_side
172712655,vehicle_damage_zone_rear
3478657025,vehicle_damage_zone_under
3009113297,vehicle_piece_damagesfx_threshold
827684211,vehicle_destructible_damage_grenade
2226659967,vehicle_destructible_damage_bouncing_betty
1371057254,vehicle_destructible_damage_satchel_charge
2425191857,vehicle_destructible_damage_sticky_grenade
2932213576,vehicle_destructible_damage_grenade_radius
2344105108,vehicle_destructible_damage_bouncing_betty_radius
1403590031,vehicle_destructible_damage_satchel_charge_radius
3941921830,vehicle_destructible_damage_sticky_grenade_radius
2029226811,vehicle_destructible_damage_projectile_radius
312619229,g_lagged_damage_threshold
3583606434,g_turretServerPitchMin
2553639820,g_turretServerPitchMax
1732211958,g_turretBipodOffset
709901873,
2892812583,
673891207,
1552395272,
1273717328,
2127535254,
91659420,
3662727791,
4062687860,
203901027,
2844823723,
856818325,
791198963,killOnlyTrailFX
3810241303,ui_custom_name
675902725,cl_splitscreenGamestateHack
2733123004,cl_bspmismatchFatal
2138629371,
3395254931,
17795277,
3038143166,cl_bitfieldmismatchFatal
6187253,
1360501705,
3611351415,
1208368773,m_pitch
4156423746,m_yaw
1125995040,m_forward
93055648,m_side
3787320575,m_filter
2504486184,m_mouseFilter
2826897482,
612046639,m_mouseSensitivity
4203283292,cl_mouseAccel
2735086040,cl_freelook
3179973048,cl_motdString
3645017724,cl_ingame
3075931582,cl_userTestBuild
1883066804,mortarStrikesLeft
3792133592,player_name
2446151250,systemlink
2774338107,cl_voice
1081164440,
4126908248,cl_timeout
538803388,cl_connectTimeout
3689075177,cl_connectionAttempts
1505681914,doublescreen
538347819,splitscreen
3896508606,splitscreen_playerCount
800058506,
3887886973,cl_profileWriteLimiter
4142379616,cl_disableHeroRenders
3552012707,logfile
1765268040,log_append
678002031,log_filename
1339030715,com_smoothFrames
356498001,comerror_enableTaskCallbackSysError
958443949,comerror_enableDelayedComError
4171532326,allowTaskManagerRSU
1668523813,com_maxclients
2393145628,com_freemoveScale
2346440627,disconnected_ctrls
3639225791,com_pauseSupported
1516200086,
4261530794,
2718771220,
1036772049,ui_enabled
3522164568,ui_level_sv
1528612695,
94292656,ui_execdemo
1696104826,ui_execdemo_cp
2269107373,ui_execdemo_beta
336353915,ui_execdemo_gamescom
3404054420,ui_execdemo_gamescom_host
3942244512,autoExecDemoConfig
2510478770,com_enablePaintshopInCP
944609603,ui_disablePSControlWidgets
358455211,com_allowModeSpecificBitFields
3789568003,com_useEmptyBitFields
3142081942,
703900930,
699871976,com_maxfps
293986874,com_sortteamclientsbyname
3011040320,grenade_indicators_enabled
1479063416,throwback_enabled
749278846,com_report_syserrors
3863165001,gts_validation_enabled
1280628128,
903709768,
1017470006,
1627929893,ui_checksum_enabled
1293391921,ui_error_report
1609089,ui_error_report_delay
3737246842,ui_error_callstack_ship
2893422693,ui_timescale
2580660162,ui_disable_blur
1696952002,
1402188102,path_checkDangerousNodes
1387762413,
2092390097,
2363857455,
3750436425,path_alwaysFindNearestNode
685967264,
309048904,
422809142,
403709753,path_boundsFudge
3773469712,
2920202936,
2992386470,
2711833306,path_minzBias
2003242481,
4245027637,
1917277387,
2680802816,zombie_devgui
2842456644,
3669440578,path_double_wide_checks
887599305,
2263012445,
3078925155,
727434717,spmode
1592679694,onlinegame
3522369611,zm_private_rankedmatch
1985492312,xblive_rankedmatch
1311088164,xblive_privatematch
3463446627,sv_fakeServerLoad
2444547942,sv_fakeServerLoadRand
432389970,sv_forceunranked
1528968776,sv_greedylock
9612386,com_clientFieldsDebug
1007722317,developer
313159513,com_script_error_recovery
1819207193,com_disable_popups
3892558857,com_statmon
4177608158,com_timescale
3407547444,timescale
2910348038,fixedtime
2277191353,fixedtime_float
3466342234,long_blocking_call
1831546031,sv_paused
1982043857,cl_paused
4225437528,cl_fakeLagMS
3266764465,useMapPreloading
2816924352,useSvMapPreloading
4023896622,sv_running
1852184600,com_forceSVLockStep
3384867263,com_voip_resume_time
1525869390,com_introPlayed
3600566506,com_desiredMenu
457006177,hiDef
3849523452,wideScreen
2802050936,doublesided_raycasts
851376049,showMapErrors
343787202,
2430161706,waitForStreamer
2274215889,waitForInitial
3796103320,
632408720,
883087726,
1884051299,com_waitForInitialFrontend
3909314129,ui_mapname
890558084,ui_gametype
3275723585,ui_newStartMenu
4141080,ui_enableAllHeroes
1176595605,ui_tu11_splitscreen_scoreboard_snap_check
215472529,tu11_maxQuadCacheAlloc
3952890628,
3721980274,ui_errorUndefLocals
2213838506,ui_levelEra
3289018081,ui_keepLoadingScreenUntilAllPlayersConnected
2881174952,
2780700512,
3010591166,
2005022707,ui_zm_mapstartlocation
3772268742,ui_combatCurrScrollBarPos
3437754200,ui_deadquote
1907590234,ui_errorTitle
4022180925,ui_errorMessage
112718058,ui_errorMessageDebug
2642873040,ui_autoContinue
2189095775,ui_creditsScrollScale
3015302175,ui_playLogoMovie
613407662,ui_allowDisplayContinue
941499990,all_players_are_connected
2588503416,scr_hostmigrationtest
1928499435,quit_on_error
1820509036,debug_show_viewpos
2709537283,scr_killcam
882407519,scr_numLives
2383253029,debug_protocol
3471393419,nextarena
1767395475,ClickToContinue
2895588813,demoname
1862354002,saved_gameskill
2986097830,miniscoreboardhide
607037269,war_a
1244733886,war_b
1882430503,war_c
1713521480,war_d
2351218097,war_e
3567272983,upload_bps_demosystem
2567266398,
1128603106,
478161020,
2969787125,upload_bps_perplayer
2094187820,
2640379204,
354205658,
1920301828,upload_bps_dedicated
3437112394,
1692031102,
3907491486,
4102436964,testMissingContentPacks
771214193,addMapPackFlagsUserInfo
2966728477,g_loadScripts
1106525510,
4009293007,
2155038596,missingCommandWillError
2476222080,tu6_doublePistolSpreadAmmo
3695032772,
2289914884,tu9_skipPerlocalClientAllocation
4182542069,tu10_ClearWeapNextHeldInputOnSwitchWeaponCmd
735612795,
2476599673,
3775818713,
435168369,ik_enable
939157742,ik_pelvis_test
3783064935,ik_foot_test
1122643674,ik_hand_test
2612807698,ik_left_hand_lerp_test
3978627861,ik_right_hand_lerp_test
81017245,ik_enable_player_hand
2471674401,ik_enable_player_terrain
2956847058,ik_enable_ai_hand
116578552,ik_enable_ai_terrain
1914267082,ik_ai_hand_get_data
2513985828,ik_paranoid_matrix_checks
1979603238,ik_dvar_lookatentity_notorso
262726833,ik_dvar_lookatpos_notorso
490113290,
3683823719,
890792865,ik_debug
2876298730,ik_ai_hand_tuning
460539149,ik_ai_pool_size
4076056834,
4124564163,ik_pitch_limit_thresh
44181917,ik_pitch_limit_max
190734174,ik_roll_limit_thresh
3626460118,ik_roll_limit_max
3186315094,ik_yaw_limit_thresh
1142063742,ik_yaw_limit_max
1798707279,ik_lookatentity_head_scale
1317718720,ik_dvar_lookatentity_tracking_rate
3561343853,ik_dvar_lookatentity_eyes_scale
1646093018,ik_lookatpos_head_scale
2442587907,ik_dvar_lookatpos_tracking_rate
3093037044,ik_dvar_lookatpos_eyes_scale
1085445531,ik_dvar_ai_aim_tracking_rate
2822345071,ik_ai_range_max
250924341,
3404679596,
2197208935,
1745924,
92443570,
2288899516,
3460306223,
3787918338,
2757951724,
523559311,ik_ai_hand_offset_vec
835816020,ik_ai_hand_rotation_vec
2585413572,
1308302502,
485244859,
1755316857,
1585115595,
3137082271,
41890790,wiiuIkEnabled
3063265222,snd_speakerConfiguration
1309769457,
205712611,language
3488015178,loc_language
4280080169,
3222248965,
3342458487,loc_forceEnglish
2528587075,loc_warnings
1503225374,loc_warningsAsErrors
282781031,
2517502960,
1812565625,
2645304675,
3310333722,
3491711594,
2211556569,
660587256,nv_textureReleaseFrameDelay
1510281602,nv_textureReleaseMaxPerFrame
1552571009,amd_useShaderExtension
168201068,tu2_catchMissingRbEndFrame
2906724983,r_drawFrameDurationGraph
3426526035,r_instancedVolumeDecals
2904659224,r_lateAllocLimit
2541475632,r_OIT
4286142213,
1004541735,
1848804628,
453256246,
2453840157,r_diffuseProbeDebug
333490450,r_drawPlayersInDynamicProbe
152115591,vid_xpos
254642516,vid_ypos
1106122416,r_backBufferCount
1840118373,
3777954330,
3689976842,
3218802027,r_fullscreen
2222298832,r_previousFullscreen
3091066323,r_convergence
3791111076,r_deferredBilateralUpsampleSSAO
2063896499,
2545957924,r_deferredIgnoreShadowUpdate
2864929435,r_deferredForceShadowNeverUpdate
226256139,r_lightingDebugOverlay
2545794338,r_deferredShowInfo
4086448695,r_lightPickerFreeze
3731940724,r_viewmodelSelfShadow
1154050944,r_dedicatedPlayerShadow
519421032,r_dedicatedPlayerSunShadowPenumbraScale
2974605236,r_actorShadowCount
1067434535,r_lightingSunShadowDisableDynamicDraw
247890869,r_lightingSunShadowCacheEnable
1108564485,r_lightingSunShadowSSTMipDrop
286726364,
1437740123,
2311484915,
3187415853,
3447991839,
3272224016,r_lightingReflectionProbeMipDrop
3519863910,r_lightingSpotShadowForceSize
724486283,r_lightingOmniShadowForceSize
827536770,r_lightingShadowFiltering
1623915304,r_dedicatedPlayerSunShadowResolution
1218851745,r_dedicatedPlayerSpotOmniShadowResolution
2469659410,r_viewModelSunShadowResolution
1542373023,r_viewModelSpotOmniShadowResolution
3181845302,r_spotShadowRes
1657755051,r_omniShadowRes
2173943951,r_asyncCompute
3957608280,r_gbufferDepthSort
4162400632,r_gbufferDepthSortStaticModels
2540553112,r_ignorehwgamma
90160600,r_texFilterQuality
2510931538,r_forceTextureAniso
2294296497,r_forceMaxTextureSize
3037295410,r_forceGbufferVertexOnly
410759632,r_autoLodCullRadius
959110118,r_lodScaleRigid
2966133975,r_lodBiasRigid
3937305672,r_autoLodScale
1807726567,r_modelLodBias
4154566017,r_modelLodLimit
25028601,r_lodThresholdPixelArea
3582752057,r_zfar
2219879832,r_fog
2189174858,r_picmip
4049797312,
3695850627,
2080271341,r_colorMap
507453697,r_normalMap
546053147,r_specularGlossMap
2213315510,r_alphaMap
2688900751,r_specularMap
4178668756,r_glossMap
2210918839,r_occlusionMap
4267960385,r_clothPrimaryTint
2256164077,r_clothSecondaryTint
2905040033,r_showTris
4143588610,r_showTriCounts
163605359,r_showSurfCounts
2358921126,r_showVertCounts
3595245386,r_showPenetration
1438890434,debug_reflection
3204902540,debug_reflection_matte
70855376,debug_color_pallete
2583173868,r_materialXYZ
2552696816,r_materialLab
3326197214,r_norefresh
4200819572,r_scaleViewport
3608650485,
201671223,r_smp_worker_threads
378368643,r_vsync
3778528984,r_clearColor
3477728906,r_clearColor2
644480498,r_viewportBackingColor
86880024,r_dobjLimit
1768340204,r_modelLimit
1025920961,r_brushLimit
1214220363,r_spotLightShadows
328763673,r_spotLightSModelShadows
2713494484,r_spotLightEntityShadows
1778749970,r_lockPvs
3135489568,r_lockPvsInCode
2865787026,r_skipPvs
936445551,r_enableOccluders
1408346570,r_lockFrameRateTo30Hz
2925910756,r_lockFrameRateTo30Hz_enable
2862772175,r_lockFrameRateTo30Hz_dynResOff
3184140115,r_useStrict30HzConditions
3787926545,r_showCollision
2455947481,r_showCollisionGroups
1814249243,r_showCollisionPolyType
2092824336,r_showCollisionDepthTest
3373163793,r_showCollisionDist
603924154,r_forceLod
3210693543,sm_sunAlwaysCastsShadow
2856558329,r_flameScaler
3235548817,r_zombieNameAllowFriendsList
2503050987,r_zombieNameAllowDevList
667172059,sm_spotShadowLargeRadiusScale
2027026299,sm_strictCull
3746531352,sm_fastSunShadow
2288486824,r_stream
2241471711,r_streamClear
1167055847,r_streamProfile
4106530239,r_streamShowHints
2305696710,r_streamPaintDiffuse
829657335,r_tilingHighlight
775902512,r_tilingLightCount
2946422670,r_tilingProbeCount
1800774365,r_tilingSunShadow
1469059018,r_streamReadLog
3006372958,r_streamTextureMemoryMax
2975670012,r_streamFreezeState
3138434573,r_streamHighPriorityThreshold
1048326807,
4006245674,
2671838009,
1429312212,
1970600719,r_streamTouchLookahead
3863945687,r_streamShowReadSpeeds
2852921832,r_streamHiddenPush
604243089,r_streamLowDetail
807602235,
3462091746,
4040156701,r_codeImageDrawDebugInfo
2533587803,r_codeImageDrawImage
3385368728,r_codeImageDrawImageSize
1072734814,r_stereo3DAvailable
2812186122,r_stereo3DOn
1376428404,r_stereo3DMode
1781321280,r_stereo3DEyeSeparation
1591209136,r_stereo3DEyeSeparationScaler
490186051,r_stereoFocusDepth
1810525866,r_stereoGunShift
4187013114,r_stereoTurretShift
607422851,
618880933,r_dedicatedShadowsUmbra
687766592,r_cachedSpotShadowCopyMode
2268106263,r_splitscreenBlurEdges
3883122270,
2444458978,
1794016892,
208446691,r_blur
1410954894,r_smaa
1110654141,r_smaaHighQuality
2963842979,r_smaaQuincunx
136669361,r_fxaaDebug
1033113931,r_fxaaContrastThreshold
4031602710,r_fxaaSubpixelRemoval
2571380616,r_aaTechnique
1702586494,
2466751140,r_aaAllowTemporalMultiGpu
4279220824,r_ssaoTechnique
1589317582,r_ssaoShowDebug
3193979114,r_ssao_hemiAOHierarchyDepth
2675981945,r_ssao_hemiAOQuality
3461546599,r_ssao_hemiAONoiseFilterTolerance
2589467282,r_ssao_hemiAOBlurTolerance
886128484,r_ssao_hemiAOUpsampleTolerance
1738519889,r_ssao_hemiAOCombineResWithMul
4199982799,r_ssao_hemiAOCombineBeforeBlur
505190119,r_ssao_hemiAORejectionFalloff
3215983239,r_ssao_hemiAOSensitivity
4123106123,r_sssblurEnable
2520543756,r_flame_allowed
3037989357,r_filmLut
3990490653,r_filmTweakLut
222776946,r_enablePlayerShadow
3603046387,r_waterFogTest
413282351,r_xcamsEnabled
3701302728,r_filmUseTweaks
1569162095,r_filmTweakEnable
3462280614,r_expSigmaAlpha
3384510488,r_expSigmaBeta
2145386154,r_expSigmaMin
2499716676,r_expSigmaMax
440412181,r_expAWB
1902326766,r_expSigma
4154101628,r_expAuto
3136928082,r_bloomUseLutALT
1105291694,vc_LUT
3047438551,vc_SNAP
121275157,r_sunFlareTint
598418503,r_waveWaterTweakMinGridSize
1526689421,r_waveWaterTweakMaxGridSize
4137958503,r_waveWaterTweakGridDetailScale
1626981718,r_waveWaterTweakGridInteractionScale
3657708394,r_waveWaterTweakDamping
4072444239,r_waveWaterTweakTimeScale
2114101536,r_waveWaterTweakWaterDepth
2254836681,r_waveWaterTweakPlayerRadiusScale
3404942805,r_waveWaterTweakPhysicsRadiusScale
4286773470,r_waveWaterTweakOtherRadiusScale
1061149674,r_waveWaterTweakConvolutionWidth
2867484211,r_waveWaterGeneratorTweakRadius
2867202188,r_waveWaterGeneratorTweakAmplitude
3080564515,r_waveWaterGeneratorTweakAmplitudeVariation
2377774302,r_waveWaterGeneratorTweakPeriod
2196448161,r_waveWaterGeneratorTweakPeriodVariation
1650617266,r_waveWaterGeneratorTweakChangeTime
4171547901,r_waveWaterGeneratorTweakChangeTimeVariation
2761521392,
3528237345,
3226400108,
2879975762,
1926990603,
226571047,r_dof_enable
3075867370,r_dof_tweak
1647881603,r_dof_nearBlur
3263794274,r_dof_farBlur
2146133392,r_dof_viewModelStart
235174819,r_dof_viewModelEnd
332664860,r_dof_nearStart
213156663,r_dof_nearEnd
2630352507,r_dof_farStart
1642030424,r_dof_farEnd
2885969022,r_dof_showdebug
3300122410,r_adsWorldFocalDistanceMax
1201611060,r_adsWorldFocalDistanceMin
2035847190,r_adsWorldFocalDistanceTrackBackScale
1695673037,r_adsBloomDownsample
1548182378,r_flameFX_distortionScaleFactor
2884652896,r_flameFX_magnitude
2880649563,r_flameFX_FPS
2752203216,r_flameFX_fadeDuration
3190300953,r_waterSheetingFX_allowed
993627754,r_waterSheetingFX_enable
4129967033,r_waterSheetingFX_distortionScaleFactor
3029147343,r_waterSheetingFX_magnitude
610710249,r_waterSheetingFX_radius
166556292,r_anaglyphFX_enable
3033684924,r_graphicContentBlur
2752334883,r_postFxKeylineFrontEnd
1105528587,r_postFxWobble
1273975912,r_eacPathFX_enable
2650250467,r_eacPath_Posn
3649925501,r_eacPath_Radius
1939817697,r_eacPath_Step
4279692178,r_zombiesShooterSpotted
3763459700,r_blurAndTintEnable
2153357369,r_blurAndTintLevel
3995407462,r_circleMaskRadius
3639999130,r_tmodeServerActive
126159312,r_tacScan_Traces
2028201801,r_tacScan_HotZone
2852264502,r_tacScan_Paths
2934768643,r_tacScan_Popups
329223575,r_tacScan_FadeEnd
3256213116,r_tacScan_FadeStart
791538264,r_tacScan_Layout
2815032692,r_tacScan_Scale
2850992880,r_tacScan_Eps
2556147696,r_deadOpsActive
2152472355,r_splitScreenExpandFull
1608023280,cl_secondaryPlayerMenuControlDisable
3546206269,r_ev_distance
1186530208,r_ev_width
1586949493,r_ev_targetwidth
3736074594,r_ev_rate
1840076971,r_ev_geometryrange
3706588750,r_ev_targetrange
2691850937,r_ev_edgewidth
298843515,r_ev_edgethickness
3203637741,r_ev_testenable
104076971,r_ev_screen_scale
171756448,r_ev_screen_threshold
140237181,r_ev_random_ground
2524194451,r_ev_random_edge
1227065745,r_hotZone_radius1
1864762362,r_hotZone_radius2
3714434856,r_hotZone_angle1
1332557411,r_hotZone_angle2
4116334227,r_hotZone_fadeup
2056125270,r_hotZone_fadedn
3408987292,r_hotZone_zgradiant
1591079447,r_hotZone_heightlim
1434617636,r_makeDark_enable
2207290195,r_aberrationFX_enable
2706225768,r_postFxIndex
2731631374,r_postFxUseTweaks
308628074,
2495256903,
768160676,
480171673,
3929830694,r_catsEyeFX_enable
632313199,r_catsEyeReset
3341895288,r_catsEyeDecolor
2727415332,r_catsEyeNoise
2602123151,r_catsEyeTexture
435191615,r_catsEyeDistortion
1234742673,r_catsEyeAberation
3396236761,r_catsEyeBlur
2467742282,r_catsEyeBlurTint
633913552,r_chaserFX_enable
71347647,r_heatPulseFX_enable
4073694921,r_radioactiveFX_enable
2077155800,r_radioactiveBlur
1229701808,r_radioactiveSpeed
630842030,r_radioactiveIntensity
2988853986,r_speedBlurFX_enable
945454870,r_speedBlurAmount
4231214699,r_uiHudFX_enable
1184917728,r_genericSceneVector_debug
493414432,r_genericSceneVector0
1131111049,r_genericSceneVector1
1768807666,r_genericSceneVector2
2406504283,r_genericSceneVector3
1862926309,r_reviveFX_debug
1303866122,r_reviveFX_edgeColorTemp
476655931,r_reviveFX_edgeSaturation
192383891,r_reviveFX_edgeScale
3509295289,r_reviveFX_edgeContrast
2252890990,r_reviveFX_edgeOffset
1381673819,r_reviveFX_edgeAmount
1298314814,r_reviveFX_edgeMaskAdjust
1848212312,r_poisonFX_debug_enable
1172348116,r_poisonFX_pulse
1796441065,r_poisonFX_dvisionX
912300958,r_poisonFX_blurMin
2302151264,r_poisonFX_blurMax
1175323876,r_fogTweak
1738673171,r_fogBaseDist
3888796927,r_fogHalfDist
3859151758,r_fogBaseHeight
3529890882,r_fogHalfHeight
3791751556,r_fogSkyHalfHeightOffset
2582044429,r_fogColor
3451118251,r_fogIntensity
763861063,r_fogOpacity
2751945723,r_fogSunColor
3759663269,r_fogSunIntensity
4208647501,r_fogSunOpacity
625672493,r_fogSunPitchOffset
1204782450,r_fogSunYawOffset
2301274130,r_fogSunInner
2836222327,r_fogSunOuter
1951542069,r_atmospherefogcolor
4269560096,r_atmospherefogdensity
3356080655,r_atmospherehazecolor
2571289394,r_atmospherehazedensity
3055661387,r_atmospherehazespread
3408809682,r_atmosphereinscatterstrength
1674387762,r_atmosphereextinctionstrength
2080645429,r_atmospheresunstrength
2624791437,r_atmospherehazebasedist
1027262140,r_atmospherehazefadedist
3867773568,r_atmospherepbramount
2643332432,r_worldfogskysize
76068149,r_exposureTweak
2654506886,r_exposureValue
3689093390,r_exposureEyeWeight
2915572076,r_finalShiftX
3553268693,r_finalShiftY
359861924,r_primaryLightUseTweaks
610749915,r_primaryLightTweakDiffuseStrength
4223701982,r_primaryLightTweakSpecularStrength
1118595728,r_num_viewports
1608778522,r_monitor
943448435,r_currentMonitor
1774970791,r_monitorCount
594212705,r_mode
925324091,
3139913087,
2129709169,
3955306512,
1393583027,r_cmdlistChain
1605509475,r_grassEnable
1767646005,r_takeScreenShot
1474200550,r_skyTransition
1120412077,r_skyRotation
3005352080,r_enableCubicUpsample
1799499874,r_cubicUpsampleParam
417251640,r_skyBoxColorIDX
554090962,r_blinkForwardSSS
438322232,r_blinkTrans
2831025948,r_blinkCullNone
1775943964,r_sortDrawSurfsBsp
658027118,r_sortDrawSurfsStaticModel
2833244055,r_sortBackToFront
2497098035,r_debugShowPrimaryLights
2832124138,r_debugShowDynamicLights
1174827797,r_debugShowLightBoundsSelect
1578505799,r_debugShowProbes
2784702332,r_debugShowProbeBlends
632577304,r_debugShowProbesBoundsSelect
191304445,r_debugDisableLocalProbes
1893244197,r_debugShowCoronas
2883205721,r_debugMetalStorm
4170593041,r_disableGenericFilter
1489416399,r_drawDebugFogParams
3459810300,r_rendertarget_debug_display
3446307952,r_ui3d_debug_display
3589476484,r_ui3d_use_debug_values
549431326,r_ui3d_x
1187127943,r_ui3d_y
849309897,r_ui3d_w
2162642606,r_ui3d_h
1268089995,r_font_cache_debug_display
3093117959,r_extracam_show_render_targets
13835615,r_extracam_custom_aspectratio
1297816787,r_extracam_add_debug_cam
3966465394,r_extracam_add_debug_cam_width
354531334,r_extracam_remove_debug_cam
1118912727,r_extracam_show_axis
350484369,r_qrcode_debug_display
1776780239,r_qrcode_debug_display_size
2691079797,r_shader_constant_set_debug_range
2777791567,r_shader_constant_set_enable
3331371497,r_fog_disable
1277987308,r_videoMode
2858354560,r_foveaAcuityVisualMin
399959518,r_foveaAcuityVisualMax
2004593427,r_foveaAcuityColorMin
1016203517,r_foveaAcuityColorMax
3154300284,r_FilmIsoNoiseEnable
327729883,r_FilmIsoMin
3908482965,r_FilmIsoMax
2945709265,r_FilmIsoNoise
409492113,r_dof_aperture_override
1951931743,r_dof_max_override
350781965,r_dof_min_override
800931219,r_volumetric_lighting_mode
1631864885,r_volumetric_lighting_enabled
2122501651,r_volumetric_lighting_force
285694998,r_volumetric_lighting_enable_spot
3345245260,r_volumetric_lighting_enable_sun
1756898359,r_volumetric_lighting_enable_probes
258210153,r_volumetric_lighting_enable_tweaks
2836304763,r_volumetric_lighting_max_spot_samples
1339892959,r_volumetric_lighting_max_sun_samples
4195719752,r_volumetric_lighting_fog_half_distance
3263810944,r_volumetric_lighting_fog_half_height
3578460576,r_volumetric_lighting_fog_base_height
99822184,r_volumetric_lighting_fog_base_distance
2805935040,r_volumetric_lighting_phase_distribution
2755069632,r_volumetric_lighting_scattering_albedo
1548763041,r_volumetric_lighting_density_scaler
3607359532,r_volumetric_lighting_probe_contribution_scaler
2434466433,r_volumetric_lighting_sun_intensity_scale
2260190974,r_volumetric_lighting_max_lit_sun_fog_distance
2105969570,r_volumetric_lighting_max_lit_omni_spot_fog_distance
4236183799,r_volumetric_lighting_sun_step_size
2693469919,r_volumetric_lighting_blur_depth_threshold
1188435441,r_volumetric_lighting_upsample_depth_threshold
3323621543,r_volumetric_lighting_half_res_apply
3795446994,r_volumetric_lighting_sun_skip_samples
477808649,r_volumetric_lighting_lights_skip_samples
2055489468,
481152723,r_litfog_volume_start
3227380790,r_litfog_volume_count
1816713637,r_litfog_bank_select
3971533427,r_fx_backlighting_amount
3365040355,r_sceneGamma
845478100,r_newLensFlares_offscreen_buffer_size
1499608449,r_newLensFlares
897211287,r_motionVectorGenerateEnable
1220618364,r_motionBlurMode
1978362826,r_motionBlurStrength
676572160,r_motionBlurQuality
840763580,r_shaderDebug
2022970471,r_useCachedSpotShadow
2482262636,r_maxSpotShadowUpdates
2528534443,
1699961475,
480379645,
2742091341,r_fxShadows
3698383627,r_polygonOffsetBiasInt
4241292231,r_polygonOffsetScale
1985597336,r_polygonOffsetClamp
3333514333,r_xanim_disableExtraChannel
572202132,r_xanim_disableCosmeticBones
495640756,r_dedicatedPlayerShadowCull
880676037,r_dedicatedPlayerShadowCullAngle
2199702040,fs_debug
710160397,fs_basepath
3741282734,fs_basegame
2505815992,fs_ignoreLocalized
2594249871,fs_homepath
419979567,fs_restrict
2355884542,fs_usedevdir
3444396814,sensitivity
3300190227,ui_mousePitch
3049801881,gpad_enabled
2318294961,
7247135,
1992941625,
1962219210,
72829104,
199750886,
561363542,
3633645800,
4227240897,
977330073,
2761288492,behaviorTrackerVersionNumber
2467853160,gpad_button_rstick_deflect_max
2904290422,gpad_button_lstick_deflect_max
327752368,safeArea_horizontal
2085456046,safeArea_vertical
412669874,ui_safearea
951456616,cl_deathMessageWidth
2846566404,cl_nodelta
3827675814,cl_maxpackets
708751417,cl_weapNextHoldEnable
999950096,
146683320,
218866854,
2037196271,
2243375238,
2354479706,
345685956,
2135862732,
3190340360,cg_aggressiveCullRadius
4047945767,
3506601167,
3255922161,
651205748,slam_blur_enabled
2813822563,
1159777963,
3466739861,
1925344681,cg_rangeFinderSelectPlayers
986488000,
588781288,
702541526,
1108886883,cg_rangeFinderSelectActors
752158474,
1768915614,
1518236608,
2957631664,cg_usNewEventQueueScheme
831756206,cg_infraredBlur
2568484353,cg_infraredBlurTime
1304166440,cg_forceInfrared
49108200,cg_infraredFriendlies
7875894,cg_InfraredFadeoutTime
3596681796,cg_weaponHeat
2384932838,cg_infraredUseDefaultMaterial
94056586,cg_threatDetectorRadius
929737768,cg_VelocityArrow_RateOfChange
3112560708,cg_VelocityArrow_MaxSegmentLength
3681749786,cg_VelocityArrow_MinSegmentLength
442659198,vehNPCThrottleMultiplier
2462996358,cg_streamLowDetailCamos
2418004141,
3588666001,
3818556655,
3945428952,tracer_debugDraw
878989340,cg_opticAttachmentViewmodelSwitch
3841186290,cg_enableHelicopterNoCullLodOut
3987521811,cg_objectiveIndicatorColor
2226541382,cg_objectiveIndicatorNearFadeDist
3207003947,cg_objectiveIndicatorFarFadeDist
1819918044,cg_objectiveIndicatorNoDrawDistance
1961544111,cg_objectiveIndicatorPerkFarFadeDist
1974627448,cg_objectiveIndicatorNearDist
2597146625,cg_objectiveIndicatorFarDist
1077084009,cg_objectiveIndicatorFarScale
2720469005,cg_objectiveIndicatorSize
1025212579,cg_clientSideGlassTouch
1058777616,cg_clampFrameInterpolation
3345273481,cg_usingClientScripts
3415642370,cg_drawgun
4185807594,cg_cursorHints
2308336658,cg_retrieveHintTime
2984362582,cg_retrieveHintTimeStuck
2514852298,cg_weaponHintsCoD1Style
3289996449,cg_focalLength
1818579748,cg_focalDistance
2752924885,cg_focalDistanceChangeSpeed
2067661276,cg_fstop
1404470229,cg_cropFactor
1679389783,cg_fov
772180763,cg_fovScale
1634043373,cg_fovMin
1115624760,cg_fovExtraCam
3350861033,cg_useWeaponBasedVariableZoom
141807725,cg_viewVehicleInfluenceGunner
1312956100,cg_viewVehicleInfluenceGunnerFiring
4093637769,cg_viewVehicleInfluenceGunner_mode
261796126,cg_draw2d
940867507,cg_disableplayernames
164312653,cg_disableearthquake
1896355165,smpUpdatePlayerNames
2516221230,smpScanForCrosshairEntity
2521534227,cg_playerRenderSmp
1341728088,cg_smp_weapon_visibility
3640713233,cg_drawBreathHint
3658085208,
960424784,
786646318,
3295270135,cg_cancelChargeShotTime
459247946,cg_drawLagometer
1003379681,
308200881,cg_drawMinimap
3987937201,cg_drawfps
4028759801,cg_development
2628204214,cg_showQosResults
1456588817,cg_drawMemoryInfo
3647718221,cg_drawPerformanceWarnings
1877592975,cg_drawMaterial
2852171590,cg_drawMaterialImageNum
775094691,cg_drawMaterialImageName
3398348216,cg_drawModelAxis
40643719,cg_drawDecalSort
2552301492,cg_fastApe
2115614781,cg_fastFakeApe
1273902784,cg_drawCrosshair
1561236121,cg_drawCrosshairCooker
1874610992,cg_drawCrosshairNames
3715289186,cg_drawCrosshairNamesPosX
58018507,cg_drawCrosshairNamesPosY
3075374694,cg_lastSpectatorSelectedThirdPerson
691217935,cg_hudGrenadeIconMaxRangeFrag
3826505195,cg_hudGrenadeIconMaxRangeFlash
3146130779,cg_hudGrenadeIconOffset
848951263,cg_hudGrenadeIconHeight
1769844062,cg_hudGrenadeIconWidth
3462022045,cg_hudGrenadePointerHeight
2312195688,cg_hudGrenadePointerWidth
1552272496,cg_hudGrenadePointerPivot
3191333838,lagometer_pos
3499066290,cg_centertime
2491754438,cg_hudDamageIconTime
268588653,
973216337,
1244683695,
3278113974,cg_crosshairAlpha
1843286098,cg_crosshairAlphaMin
3634868597,cg_crosshairDynamic
3910399419,cg_crosshairEnemyColor
1490451790,cg_debugPosition
668012892,cg_debugEvents
345899451,cg_footsteps
2425949318,cg_footprints
231302984,cg_footprintsDistortWater
2787674623,cg_footprintsDebug
934613920,cg_treadmarks
3009697112,cg_firstPersonTracerChance
2791783016,cg_waterPerturbForceScale
3555382211,cg_waterPerturbRadiusScale
848123011,cg_drawWaterTrail
3337062295,cg_waterTrailRippleFrequency
2421999574,cg_waterTrailRippleVariance
2052179985,cg_thirdPersonRange
446874047,cg_thirdPersonAngle
304205155,cg_thirdPersonRoll
2636875750,cg_thirdPersonSideOffset
894542304,cg_thirdPersonUpOffset
1358937330,cg_thirdPersonFocusDist
3245299680,cg_thirdPersonFocusOffsetUp
2088322861,cg_thirdPersonCamOffsetUp
2627254630,cg_thirdPersonCamLerpScale
705590362,cg_thirdPerson
3548102687,cg_thirdPersonMode
3792145020,cg_debugThirdPersonCamera
746448254,cg_cameraRollOverride
3359298402,cg_use_colored_smoke
365447834,cg_fakefireWizbyChance
2439446114,cg_useWeaponSwitchReloadCancel
4188549410,cg_drawpaused
2916018187,cg_debug_overlay_viewport
1146593054,cg_dumpAnims
617649529,cg_subtitleWidthStandard
1019253939,cg_subtitleWidthWidescreen
2606447063,cg_constantSizeHeadIcons
3449837811,cg_headIconMinScreenRadius
1104042592,cg_overheadNamesMaxDist
1583338248,cg_overheadNamesNearDist
2405320113,cg_overheadNamesFarDist
3116707609,cg_overheadNamesFarScale
2798909437,cg_overheadNamesSize
1103052850,cg_overheadIconSize
1459379159,cg_overheadRankSize
2494858513,cg_overheadNamesGlow
3509469043,cg_drawFriendlyNames
3808814408,cg_enemyNameFadeIn
3470349445,cg_friendlyNameFadeIn
579139239,cg_enemyNameFadeOut
3185599876,cg_friendlyNameFadeOut
476441198,cg_drawThroughWalls
2519444759,cg_playerHighlightTargetSize
3960737682,cg_playerLockonReticleSize
1385237861,cg_maxPlayerHighlightTargetSize
4258826097,cg_playerHighlightPivotScale
1515231722,cg_playerHighlightTargetScale
128183644,cg_playerHighlightTargetInner
3284691293,cg_playerHighlightTargetOuter
2515333719,cg_playerHighlightSpreadExp
2661169072,cg_playerHighlightSpreadScale
2076202857,cg_playerHighlightPivotLineWidth
1761308367,cg_playerHighlightPivotLineFlash
3658404170,cg_playerHighlightEnemyColor
668882402,cg_playerHighlightBrightness
21122559,cg_playerHighlightMinFade
2201740132,cg_playerHighlightBlinkTime
2801196207,cg_corpseHighlightFadeTime
796454736,cg_cameraSpikeHighlightBrightness
468494426,cg_cameraSpikeEnemyColor
803747074,cg_adsZScaleMax
3879377603,cg_updateScoreboardAfterGameEnded
3549361322,
271151166,
41260512,
2561186155,cg_viewZSmoothingMin
2915516677,cg_viewZSmoothingMax
18273338,cg_viewZSmoothingTime
2799191805,cg_visionSetLerpMaxIncreasePerFrame
1278324933,cg_visionSetLerpMaxDecreasePerFrame
3111636065,cg_turretBipodOffset
2894347650,cg_allPlayerNamesVisible
3733554829,
609249393,
859928399,
3488336326,
3557864090,
2015104516,
279371705,cg_proneFeetCollisionHull
1647689410,cg_playerBeastHintSizeMin
617722796,cg_playerBeastHintSizeMax
3866183958,cg_playerBeastGrapHintSizeMin
2345364104,cg_playerBeastGrapHintSizeMax
4199368097,cg_traversalLerpInTime
2696397310,cg_traversalLerpOutTime
1261614915,player_bodylightsCorpseFadeTime
2279876886,player_bodylights
2011134141,
3678932769,
1347276479,
3929235211,cg_fast_lui
560060564,tu11_dontUpdateWeaponPosFracWhenLinked
4136788035,
2058285963,
473949685,
568548797,cg_altDofTrace
2375248047,cameraShakeRemoteMissile_Angles
1732127944,cameraShakeRemoteMissile_Freqs
1094877435,cameraShakeRemoteMissile_SpeedRange
2268159601,cameraShakeRemoteHelo_Angles
3097270830,cameraShakeRemoteHelo_Freqs
99781049,cameraShakeRemoteHelo_SpeedRange
1958838845,cg_laserSightMaxDistance
2027115062,cg_missile_FOV
4029268011,cg_EnableAdaptiveSkinLodScale
1066281841,cg_ingnoreValidateWeaponOnDeath
2255584185,dynEnt_bulletForce
1876303900,dynEnt_explodeForce
3528662863,dynEnt_explodeUpbias
1315402343,dynEnt_explodeSpinScale
2090748438,dynEnt_explodeMinForce
3886865589,dynEnt_explodeMaxEnts
1080028263,dynEnt_spawnedLimit
3874975030,dynEnt_disable_rb_collision
822989853,
2490788481,
583589663,
1032827415,dynEnt_small_cylinder_dimension
2968005214,
1529341922,
878899836,
3755126054,dynEnt_small_cylinder_max_avel
2363932659,dynEnt_delete_expensive
975994650,
1128986158,
1302764624,
2130372897,
3414006632,
2889074720,
3160542078,
2971408567,compass
2107138522,compassmaxrange
74868999,menuMapMaxRange
3995376580,compassObjectiveWidth
2603262593,compassObjectiveHeight
761180081,compassObjectiveIconWidth
851114680,
1982387376,
2253854734,
1624182002,compassObjectiveIconHeight
1729744761,
470931661,
3848391315,
3562412721,compassObjectiveNearbyDist
264424883,compassObjectiveMinDistRange
1111120237,compassObjectiveMinHeight
4096787007,compassObjectiveMaxHeight
3080970016,compassDrawLastStandIcon
1075417263,
2518612135,
2446428601,
3240348614,compassGridEnabled
2992571028,compassGridRows
2844812894,compassGridCols
4031954054,compassGridAlign
2769202012,typeWriterCod7LetterFXTime
2537556110,popInLetterFXTime
2818347337,redactionDisplayTime
3531069730,redactionFadeDuration
1880010599,redactionStartStrokeTime
757585915,redactionStrokeTime
3809741519,shoutcastSelectedClient
1456977025,shoutcastHighlightedClient
1188392583,compassDrawHackerPing
3298386873,cg_hudMapRadarLineThickness
2649687208,cg_hudMapFriendlyWidth
195897565,cg_hudMapFriendlyHeight
2973644238,cg_hudMapPlayerWidth
656545807,cg_hudMapPlayerHeight
3179134249,cg_hudMapBorderWidth
3300963609,cg_minimapPopOutZoom
1907680653,cg_showZombieControls
1859336757,flareDisableEffects
1629623823,showVisionSetDebugInfo
3590083396,
3451070222,laserLightRangePlayer
2434506376,laserRadius
3812052314,laserFadeADS
3623494886,laserLightBodyTweak
2316984196,laserLightRadius
2835220368,laserLightBeginOffset
1187322664,laserLightEndOffset
3620280395,laserFlarePct
3198825911,laserDebug
1296602886,
1132627348,laserRadius_alt
2009151304,laserLightRadius_alt
798874662,laserAlpha
4209120669,
473657265,
3079054243,
3355535870,
358168551,cg_DrawRemoteVehiclePlayerNames
1906247342,
3857209010,
3206766924,
2791369123,cg_DrawPlayerNamesWhileInVehicle
1352954826,
1945254494,
2119032960,
625302098,cg_DrawOnlyFriendlyPlayerNamesWhileInVehicle
3515861145,
2257048045,
1339540403,
3760411026,cg_ScoresColor_Gamertag_0
103140347,cg_ScoresColor_Gamertag_1
2485017792,cg_ScoresColor_Gamertag_2
3122714409,cg_ScoresColor_Gamertag_3
2023717481,waypointIconWidth
3664404298,waypointIconHeight
1388811622,waypointOffscreenPointerWidth
2414439527,waypointOffscreenPointerHeight
2872725799,waypointOffscreenPointerDistance
3270848357,waypointOffscreenDistanceThresholdAlpha
907844817,waypointOffscreenPadLeft
1763913624,
2895186320,
3145865326,
2861984764,waypointOffscreenPadRight
1348007099,
2221751891,
3097682829,
2742695243,waypointOffscreenPadTop
1729597666,
2138244742,
2066061208,
155852639,waypointOffscreenPadBottom
2683339510,
1154491274,
3885910644,
1221861436,waypointOffscreenRoundedCorners
2254718134,waypointOffscreenCornerRadius
3669786151,waypointOffscreenScaleLength
1227479668,waypointOffscreenScaleSmallest
1732816131,waypointDistScaleRangeMin
3929272077,waypointDistScaleRangeMax
3957808761,waypointDistScaleSmallest
2874209114,waypointDistFade
3971457573,waypointTimeFade
682463597,
933447730,waypointSplitscreenScale
1025861693,waypointTweakY
3776140778,hudElemPausedBrightness
829561312,waypointPlayerOffsetProne
2886570952,waypointPlayerOffsetCrouch
466383922,waypointPlayerOffsetStand
2203186845,waypointPlayerOffsetRevive
794954944,
1087365930,
1950675028,
330277618,
809688465,
370876840,
3137850503,
2151260079,
1879792721,
2574879503,
3301103761,
2326275987,
3957188185,
1632967506,
1590133229,
1367044349,cg_gun_x
729347732,cg_gun_y
2642437583,cg_gun_z
3396901552,cg_gun_yaw
595432107,cg_gun_pitch
132711650,cg_gun_roll
460693207,cg_gun_move_f
591662755,cg_gun_move_r
1229359372,cg_gun_move_u
4126466436,cg_gun_ofs_f
3188891248,cg_gun_ofs_r
3357800271,cg_gun_ofs_u
129483539,cg_gun_rot_p
2980148578,cg_gun_rot_y
3149057601,cg_gun_rot_r
2236581329,cg_gun_move_rate
525232330,cg_gun_move_minspeed
2649686179,cg_gun_rot_rate
1698244120,cg_gun_rot_minspeed
1238613957,cg_cullBullets
3049774658,cg_minCullBulletDist
2323304463,cg_cullBulletAngle
1818387282,cg_weaponSimulateFireAnims
2056874249,cg_debugDynamicLadderSight
3046665516,cg_reflect_impactfx
3844922599,cg_reflect_impactfx_mindotclamp
1888286013,cg_hitmarkerFrameSpacing
3243338460,cg_WeaponButtVictimCameraShakeScale
1021092443,
1894837235,
2770768173,
607387982,cg_WeaponButtVictimCameraShakeDuration
1514031109,
229582873,
343343111,
4058550633,cg_WeaponButtAttackerCameraShakeDuration
2035238581,cg_WeaponButtAttackerMissCameraShakeScale
477141578,cg_WeaponButtAttackerHitCameraShakeScale
2508053460,vehicleMouseExtraTurnSpeed
783354096,cg_timedDamageDuration
2246684079,cg_playerFrustumHalfHeight
1690468658,cg_overheadNamesTagUpdateInterval
1059139898,cg_canSeeFriendlyFrustumUpdateInterval
2233453078,cg_canSeeFriendlyFrustumExpand
1012784267,cg_canSeeFriendlyFrustumMinDistance
4118020344,cg_watersheeting
1504588398,cg_cameraWaterClip
1719616928,cg_cameraUnderwaterLens
1698731173,cg_cameraVehicleExitTweenTime
2619616713,cg_destructible_radius_damage_enabled
2053645364,cg_useSafeSpectatorCam
3551599433,cg_deathCamAboveWater
3061674583,cg_vehicleCamAboveWater
4031323256,cg_vehicleFocusEntFocalLengthMin
1257175814,cg_vehicleFocusEntFocalLengthMax
1060971916,cg_vehicleFocusEntDistanceMin
706641394,cg_vehicleFocusEntDistanceMax
451742928,cg_vehicleFocusEntFocalLengthSpeedAdjust
3590678617,cg_vehicleFocusEntFstop
1947554637,cg_vehicleFocusEntLerpTime
1465483614,cg_drawBulletHitPosNormal
3214021679,
3118225623,
2884794449,cg_ScoresPing_Interval
3871141966,cg_drawTalk
3790897278,demo_enabled
978860196,demo_recordPrivateMatch
3856816818,
1949965408,
1397419415,demo_filesizeLimit
434037713,demo_recordStaticEntityPositions
3731136619,demo_errortitle
1683382572,demo_errormessage
371621246,demo_client
2397808478,demo_recordingrate
984283063,
4237011381,demo_keyframerate
1563731683,demo_pause
3142663239,demo_pauseOnNextSnapshot
4035987226,demo_maxTimeScale
737149702,
4051978407,
2694696058,
1215951592,
1771202226,
2635351689,demo_save_smp
779152489,demo_bookmarkEventThresholdTime
3987188357,demo_selectedSegmentIndex
1267994427,
3748277211,
339237349,
593649600,
151580984,
3716085443,demo_enableDollyCam
974064303,demo_refreshDollyCamFxEveryFrame
2175140570,
3138395673,demo_dollycamTrackWidth
988762546,
2937689400,demo_dollycamMarkerInformationNearDist
2141376705,demo_dollycamMarkerInformationFarDist
2096458281,demo_dollycamMarkerInformationFarScale
542993561,
2569375024,
1270862424,
1384622662,
2440616426,
2978123090,
896731446,
596852875,
2509942726,
179165242,
117028385,
1306243510,
2406318493,
4074117121,
2166918303,
1935494713,demo_freeCameraShowLockableObjectsAlways
480397938,
97519368,demo_freeCameraLockOnOrbitRadius
1260641766,
2198243277,
3327328433,
3153549967,
190965236,demo_highlightReelPlayerFilter
683055674,demo_highlightReelTransitionFilter
773682917,demo_highlightReelStylesFilter
3294738055,demo_highlightReelNumberOfSegments
2599837040,demo_highlightReelMinimumStarsFilter
58138662,demo_highlightReelGameResultFilter
4128986529,demo_packetsPerSecondMin
1510895555,demo_bytesPerSecondMin
2697559519,demo_packetsPerSecondMax
3707351501,demo_bytesPerSecondMax
539950356,demo_inLobbyThrottleBandwidthPercent
887278206,demo_inGameThrottleBandwidthPercent
3591899861,demo_streamingAdjustmentFactor
2265139133,demo_enableSvBandwidthLimitThrottle
4050214522,demo_svBandwidthLimitThrottleMaxBytesPercent
3617357325,demo_svBandwidthLimitThrottleTimeout
114288076,demo_streamUploadKeepAliveFrequency
2541581899,
1733797283,
493427101,
4186773086,demo_streamingSendSocketBuffSizeForRecording
401291509,demo_streamingSendSocketBuffSizeForOtherUploads
4075965068,demo_downloadStreamThrottleTime
2271035783,demo_downloadStreamRetryWaitTime
2189053821,
187013157,demo_downloadStreamDataBlockThrottleTime
315587626,
3087974596,demoRenderDuration
246686285,
3903956964,
3703439149,demo_matchRecordEventOnPlaylists
3076345538,demo_extraNetworkProfileData
2203079497,demo_enableClipRecordEvent
1916639692,
2449613362,
1191314233,
4185891725,
3309960787,
939236818,
1174647727,
3356531910,
3426059674,
1883300100,
2285615323,
1644483187,
4172682906,
30707118,
204485584,
595177959,
3425825966,
1081820338,
431378252,
2382376848,
1699518277,
1399804695,
3440424742,phys_gravity
864937426,phys_gravity_dir
1805008711,phys_vehicleGravityMultiplier
3354711976,phys_vehicleDamageFroceScale
1679219068,phys_vehicleWheelEntityCollision
4133629835,phys_maxFloatTime
3484822004,phys_buoyancyDistanceCutoff
3943443564,phys_piecesSpawnDistanceCutoff
698796920,phys_buoyancyFloatHeightOffset
3657578550,phys_buoyancy
514068994,phys_ragdoll_buoyancy
1574282592,phys_disableEntsAndDynEntsCollision
3277949379,
981467562,
1998224702,
1768334048,
304523448,debug_trace
2635899138,debug_physicsGunObjCount
4147226891,debug_ragdollSpawnObjCount
102658932,debug_litBrushes
1663868278,debugRenderCollision
3327358110,debugRenderMask
1152929371,debugRenderCollisionDistance
1013197747,g_bDebugRenderBulletMeshes
3807469108,g_bDebugRenderBrushes
3178182208,g_bDebugRenderColoredPatches
1910659223,g_bDebugRenderEntityBrushes
3923624234,g_bDebugRenderPatches
2386417279,g_bDebugRenderMeshType
2584126555,g_bDebugRenderStaticModelsBounds
831337068,enable_moving_paths
3406936341,enable_new_prone_check
1973812508,
4085671816,
2904379726,
3151960659,
3626964236,phys_impact_intensity_limit
4039539708,phys_impact_distance_cutoff
172803376,
3160471751,phys_impact_fx
2440438561,
2469210557,
1474218276,
2944610284,
3595052370,
3224260057,
3209515248,
2335460120,
2407643654,
746958117,
1551979607,scr_mod_enable_devblock
1871800874,cl_migrationPingTime
3832610110,r_marksDebugWorldbrushNormal
1577054333,snd_autosim
3025008771,winvoice_mic_mute
1674818716,winvoice_mic_reclevel
3308077244,winvoice_save_voice
2696233416,winvoice_mic_scaler
3355655715,winvoice_loopback
2524438129,
1977508572,
1974630680,in_mouse
3580465379,gpad_debug
3321822941,gpad_button_deadzone
2991783196,gpad_stick_deadzone_min
3705997410,gpad_stick_deadzone_max
3312684017,gpad_stick_pressed
3767039273,gpad_stick_pressed_hysteresis
1634923694,
955827877,cg_drawJobsPerf
864287528,
3374490167,
1325513745,
1737533583,
3579202481,
2091347487,
413238244,
864738977,
2456238375,
470705751,
2145960017,sessionTaskFailDebug
2595577654,dwConsideredConnectedTime
2435700409,live_useUno
579340039,
3454609923,live_useUmbrella
777660011,live_useInGameRegistration
2331350142,
20930679,
2207957396,
1218269363,
1673446384,
4007379867,
509302236,
2672593806,
1337087330,
1846879716,
3946021121,
2408835848,
4234104262,
318261068,live_usePublisherVariables
397083838,
1159254142,motdDelay
1868225175,
2735018405,ui_storeButtonPressed
700611384,ui_isDLCPopupEnabled
963959302,ui_enableSPReminderPopup
2612327562,ui_SPReminderPopupInterval
1614217550,ui_totalDLCReleased
1439450707,ui_enableDSPPromotion
3666976365,ui_DSPPromotionInterval
1924894672,tu13_recordContentAvailable
4266740829,
3882331892,
1177638498,
4139365456,
141970268,
2773813598,allowAllNAT
1913798324,ui_detailedMM
2763351806,
1952407737,
318794074,live_statscaching
3168954981,
757777471,live_systemsurvey
3287493820,
3573251887,live_systemSurveyCaptureDelta
813030916,ui_enableConnectionMetricGraphs
3146674786,ui_supportURL
1705317810,
1335378429,
2416338616,
3985611309,
1933962053,
4276171718,
3899422227,
3992535670,
850656021,partyChatDisallowed
3098798164,
236448976,
2627156352,
1689641453,
2858692513,
2671370902,
1057429213,
3165454835,
723456048,
469004598,
1644922838,
3702315887,ui_lobbyDebugVis
815279397,
3871424580,ui_lobbyDebugBaseX
214153901,ui_lobbyDebugBaseY
4239619823,ui_lobbyDebugExtraInfoLoc
2437974545,ui_lobbyDebugSessionSQJ
2674434079,
2583761186,
448117585,
257829663,
2773088548,
128601426,
1259095399,
1631907136,
591602388,
1999517285,
642501113,
1436288352,
2538517358,
989042211,
3256552356,party_minplayers
1992608290,party_maxplayers
2128773287,party_autoteams
1154674793,
1296805392,
2497705767,
3794118931,partyMigrate_maxBWPackets
646918589,
2295922237,
5370196,
3899025309,partyMigrate_NomineeRecalcInterval
917746558,partyMigrate_TestInterval
2471018784,TestIntervalJitter
958859990,
3154195141,
3869493854,
4080359344,
252082569,
1891181768,
4150913590,
2219847149,
2657668408,
2788810308,
3972633391,
285782599,
280527670,
2609019271,
4092540554,
301460023,
3265665201,
498768074,
2253857450,
793067625,
1961071118,
1614732713,
3767428856,
3163223559,
2382674939,
3762516220,
726103248,
4255159043,
1154478879,
2451782907,
638183918,
1310218896,
254084851,
2867038758,
3527130966,
2565516511,
3665372635,
2521221470,
2082112141,
705606421,
3654920731,
3451823139,
1943309960,
3574366958,
2711772104,
1893016541,
831792085,
492907309,
1076684444,
4277492266,
3958410807,
3576103527,
723548482,
3131875662,
1404210404,
3356098507,
1419478028,
2367207972,
4234975762,
1140635172,
886899779,
3907259501,
2350484680,
390658253,
835007350,
197310733,
3854581412,
3216884795,
2256435214,
2232632513,
578397422,
701751479,
2288969476,
351469312,
4098831052,
2624009056,
936984522,
2084923339,
1064583964,
3360835822,
3956523443,
4068366766,
3228053544,
4038400823,
3112184881,
2919447859,
1925087763,
104590106,
1932351490,
1649294350,
2730951651,
3536312558,
2923155110,
3623849111,
1710759260,
2348455877,
435366026,
2141129090,
1056571211,
415168412,
2328258263,
1690561646,
2797045857,
2159349240,
1539239591,
3921117036,
263846357,
2645723802,
3283420419,
772981861,
796131480,
1526999615,
4133367240,
1895288979,
3847949260,
470618105,
228531138,
1037315619,
1517692258,
2385081697,
540827914,
3184842036,
3430185737,
1939586634,
980421828,
2776818076,
1654081000,
1230496174,
2986371755,
704937433,
2849794329,
2835463486,
2287862887,qosPreferredPing
3879577810,qosMaxAllowedPing
1192742219,
3933455417,excellentPing
2698391394,goodPing
572529136,terriblePing
135868869,
2965392488,
894265247,
1171811998,
4139282300,
1469919587,
2202220703,
4233141514,
39300640,
2747112113,
2454374515,
89652884,
1695436056,
2934028183,
1841288797,
1802568013,
2403453623,ui_lobbyDebugJoinLoc
4163613696,ui_lobbyDebugMsgLoc
2897975471,ui_lobbyDebugReservationLoc
2404825590,ui_lobbyDebugResCountLoc
3470595389,ui_lobbyDebugAgreementLoc
1816400768,ui_lobbyDebugAgreeCountLoc
3291237000,ui_lobbyDebugPrivateHostSessionLoc
3371544515,ui_lobbyDebugPrivateClientSessionLoc
3580817489,ui_lobbyDebugGameHostSessionLoc
1682434010,ui_lobbyDebugGameClientSessionLoc
33311190,ui_lobbyDebugDWSessionLoc
277525345,ui_lobbyDebugLobbyTasksLoc
532959465,
2759994360,
3650507204,
1023804317,
1112808282,
1024749316,storage_offline
3607012562,storage_maxfailures
510112721,storage_backoff
809196178,tu4_storageControllerSwapProtection
3599660951,tu4_storageClearTargetQueue
940729236,pc_newversionavailable
2787796165,dw_popup
4067385517,dw_defaultDTLSAssociationTimeout
399152803,FriendXuidToJoinOnBoot
1579374868,
392701147,profileDirtyInterval
3936471927,profileGetInterval
2375067402,pcache_privacy
479861543,
3729925787,matchmaking_debug
1320786569,sessionSearchMaxAttempts
1853314641,geographicalMatchmakingOverride
4222151084,searchSessionNextTaskDelay
1006636966,searchSessionIsEmpty
4250703145,searchSessionMapPackFlags
3104044398,searchSessionSkillWeight
3391404251,searchSessionGeo1Weight
3087199316,searchSessionGeo2Weight
839170529,searchSessionGeo3Weight
2962873290,searchSessionGeo4Weight
3130962150,searchSessionGeoMin
1385226027,searchSessionDedicatedGeoMin
2448294984,searchSessionDedicatedMaxPing
2479692867,filterdedicatedserverresults
1975976827,ticker_menu_context
956686237,live_store_enable
214410844,live_store_enable_inventory
2098585923,store_item_viewed_timer
3455971552,live_store_show_details
3881441443,live_store_entitlementcheck_enable
989192211,live_store_disable_lang
3524027331,live_store_disable_region
1014966904,tu8_enableDurableProductsExchange
3539871910,groupUploadInterval
3189163841,groupDownloadInterval
3320339596,groupCountsVisible
162706142,groupZeroCountsVisible
2691214015,
788918216,
2936780569,
1215786692,
2629500277,
1513310688,
3124240673,
1103527739,
87135916,
1842654944,
1167661223,dwStreamingSendSocketBuffSize
2472627364,fshSearchTaskDelay
2373893503,fshThrottleEnabled
3856267676,
1382299230,
3167024095,
231428118,fshRecentsXUID
2364670640,fshStaffXuid
2637297014,fshCustomGameName
4159566613,fshSummaryDelay
664019299,fshFileDebug
544982479,
438609352,
3348284056,
170606889,fshEnableRender
2898779756,fshRenderSuccessURL
4279771542,fshRenderWriteTimeout
936305834,
2263094651,
1484516827,
1222357165,
100644094,
107040778,
3541424509,
366375610,
3103409969,
1757797042,
2268687671,
1013498921,
3026514230,metPlayerListUpdateInterval
2104550386,metPlayerListUploadInterval
2405055107,maxMetPlayerListCount
847463486,unsubscriptionCooloffTimer
3500326525,metPlayerListCleanupInterval
1782451036,
1769733583,
4058239196,
2438164282,
2166815176,
4177770097,
3036094593,skill_scoreBeta
522053990,skill_teamBeta
4164123202,
874080655,
1841138406,skill_onboardingEnter
2309938268,skill_onboardingExit
3419956949,skill_onboardingThreshold
2835387715,
1193788325,skill_onboardingGames
1835017178,skill_onboardingAdjustOnExit
3967015295,skill_onboardingEnabled
3002503341,recordPointsSpent
3067498894,allowHost_matchesHostedRatio
1571136806,allowHost_matchesPlayedRatio
590666171,allowHost_matchesHostedStreak
3658977363,allowHost_matchesPlayedStreak
2202902979,disableHost_matchesHostedRatio
2999462511,disableHost_matchesPlayedRatio
302528200,disableHost_matchesHostedStreak
2908832444,disableHost_matchesPlayedStreak
1260343418,probation_version
1484470039,probation_public_enabled
2368073093,probation_public_quitScalar
925968417,probation_public_timeoutScalar
2348665054,probation_public_kickScalar
3567260109,probation_public_matchHistoryWindow
1446664933,probation_public_probationThreshold
1978121529,probation_public_warningThreshold
215730095,probation_public_probationTime
890302083,probation_public_forgiveCount
2627173887,probation_league_enabled
3424788893,probation_league_quitScalar
3507582313,probation_league_timeoutScalar
1536398647,
1970106844,probation_league_dashboardScalar
2994195893,probation_league_matchHistoryWindow
2935521021,probation_league_probationThreshold
2458932961,probation_league_warningThreshold
2867235543,probation_league_probationTime
1362874011,probation_league_forgiveCount
210472182,fixNegativeLosses
2558884895,maxLossesValue
4244880528,
728138809,
4288657951,livestats_skipFirstTime
3337312097,tu5_enableVialsOwed
1707528035,tu5_vialsOwedCheckDelay
1676102606,
855213957,
3865733017,
3979493255,
81362636,
2436628811,
1628844195,
388474013,
3463484974,
1607795130,
3050533708,
1504040472,
392699844,
1945384564,
3112026479,storeMapPackMaskToStats
3622972859,live_readPublisherStorageLocally
2485819574,live_readUserStorageLocally
734276569,live_dedicatedLookForPlatformPlaylists
884328969,live_pubSemaphoreCheckIntervalSeconds
2238278232,live_pubSemaphoreJitterSeconds
925101484,live_pubSemaphoreForceChange
1991907961,live_pubSemaphoreUserTriggerTime
4029240630,stat_version
1638682118,stats_version_check
2128893783,maxStatsBackupInterval
2737248742,zero_stats_check
3368595799,dwFileFetchTryIntervalBase
820352690,dwFileFetchTryIntervalMax
1620647545,dwFileFetchTryMaxAttempts
3437627055,waitOnStatsTimeout
879458649,minDelayForOtherPlayerStatsFetch
43676255,statsLocationFatal
1048096341,statsCheckXuidBeforeStatsUpload
670600101,statsErrorNormal
152478766,
4227278557,statsErrorStable
3232031165,statsErrorOtherPlayer
417623812,
676583045,
1754060096,livestorage_fakeNoob
2219399613,live_motdEnabled
3543710183,live_featuredEnabled
1826319957,useClassSets
2237651788,
3229088996,
922127098,
3199933033,purchasedClassSetCount
2197873469,defaultClassSetCount
803829813,live_LPCFFOTDMode
1941899483,live_timewarp
1488558506,live_enableDailyChallengeUpdate
3805995042,tu9_backupBadDecompress
1819214611,tu9_backupBadSpace
2559818451,tu10_validationFatal
339435600,tu12_delayFFOTD
3580765886,tu10_enableCyclicalDailyChallenges
4122642105,
1626182134,sv_playlistFetchInterval
3980908473,live_experimentsEnabled
2587091061,loot_cryptokeyCost
493962177,loot_cryptokeySku
525482199,loot_earnTime
232845667,loot_earnPlayThreshold
4118727070,loot_earnMax
2282154816,loot_earnMin
1587529576,loot_winBonusPercent
2460379295,lootxp_multiplier
2191472435,lootxp_bonus_multiplier
3493440451,
48402413,
628092525,
2201342699,
3028654973,loot_commonCrate_dwid
1138798992,loot_bribeCrate_dwid
2499789570,
2925988856,
1822170023,
1422527039,
3746864307,
1672473981,
2272724820,
4021196836,
976260110,
2734280434,
26286392,
3237367782,loot_rareCrate_dwid
1718552690,
2739568517,
409927451,
3458511684,
2510566817,
2076524326,
261957255,
1680183613,
3566584025,
1319838628,
2911794486,
3292182827,
761338292,
4041947145,
650684086,
4001954456,
3616940193,
2660010462,
385050610,
1877089913,
3703150914,
2194641803,
1722833700,
2618109791,
2713477910,
2275242159,
2062992823,
1620557914,
1704134694,
3025946171,
2037720628,
3578233704,
1622181723,
3130397618,
1944906829,
3203808550,
834099679,
2345658032,
442608538,
75665464,
608016556,
3653871383,
1915782477,
2620336653,
61992234,
3109714429,
4000801075,
3356969255,
2810815597,
1102041344,
805471826,
1949619816,
479810868,
3868169283,
1767577849,
3690378847,
2330953227,
903872739,
1716465361,
193074299,
2128615287,
467688471,
2877438088,
1127098114,
4182280728,
35833718,
2867904022,
623204148,
3498521102,
3283961113,
695106069,
605791125,
1162347671,loot_mpItemVersions
4101325759,loot_zmItemVersions
3539345358,
2492400388,
441662717,
2243277645,loot_taskWindow
1731534831,loot_taskMaxAttempts
4098856110,tu2_logLootToKVS
890503953,tu4_enableCodPoints
1869401679,
3243002378,tu4_burnDuplicates
2763389747,tu4_enableBonusCryptokeysHint
1638973993,
1803264525,loot_enabled
3276280812,loot_cryptoCheckDelay
3618594329,tu11_lootCryptoAutoRetry
2495548448,tu11_useLootXPDueStat
1020234252,loot_burnBatchSize
1187781961,loot_burnCooloff
216032686,loot_burnRefetchOnSuccess
2973988256,loot_burnCommonRefund
3333471427,loot_burnRareRefund
3480741766,loot_burnLegendaryRefund
907631896,loot_burnEpicRefund
2067839170,loot_burnMinMegaRequired
2429602080,loot_burnMinRareRequired
3189873432,loot_burnMinUltraRequired
4168710640,
1696154883,
3096690487,
2184697312,
2375161397,
2234884622,
1104867210,
3547593491,
2575007629,live_exchange_enable
2168042766,live_exchange_processProductAttempts
2233408031,live_exchange_processProductInterval
3170489362,live_exchange_processProductIntervalMultiplier
3467907910,live_exchange_enableTracking
1368851365,live_exchange_enableErrorMessages
920603231,live_exchange_enableExchangeFailureTracking
911460423,
3058491043,counterUploadInterval
2557459760,counterDownloadInterval
566595256,live_enableCounters
3161662443,live_enablePolls
2293468360,
2831082443,
3857639938,
421862803,xblive_loggedin
3799512531,xenon_maxVoicePacketsPerSec
3798578693,xenon_maxVoicePacketsPerSecForServer
3155884658,session_nonblocking
3765482223,xblive_clanmatch
2751884027,xblive_theater
336126972,xblive_mappacks
999522336,xblive_clanListChanged
2228012368,teamsplitter_verbose
2054953375,xblive_matchEndingSoon
3587167311,pclive_updateFriends
932140683,
459283880,
1128355578,
162117567,
3715767260,
1008460104,
2529061928,
708290632,
4167131588,
833592770,
3496169942,
581122409,
1904409153,bandwidth_retry_interval
1805451003,
1919947649,reportUserInterval
473998597,
3506521567,live_presence_max_ms_between_updates
1823204861,live_presence_min_ms_between_updates
3331695783,live_presence_incremental_fail_delay
789923400,live_presence_party
294089,
55559911,live_friends_enabled
3015060830,
294874432,
497022777,
4140827592,live_friends_sort
3005376362,
2415175635,
2687108337,
2198120499,
3570664119,
2287118460,
1377531894,
1104443711,
1903601682,
2327266961,
2704393807,
3484860365,
969619172,
2800207213,lbTaskDelay
3004742218,ui_hideLeaderboards
2531607299,ui_hideMiniLeaderboards
2734298711,ui_showNewestLeaderboards
160400996,
4028705455,
4041251377,liveVoteTaskDelay
2041726497,liveVoteErrorBackoff
1331284914,
4072995682,
512870163,
1385881510,
741485770,
3391477380,
639519973,
3846086854,
1584165412,
3660555618,
3722439313,
1127383496,
1397538075,
616857581,
4174274394,
2605539307,
2483225700,
3608075986,
2115785534,
3229561358,
4007857200,
1755079007,
3592224923,
2256116136,
1860306819,
1101310128,
3581339026,
1709344984,
3786230429,
1040040268,
3011278324,
4289697489,
1092899423,
2664768231,
3881192070,
3790219835,
1907573592,
546979410,
1887126766,
3755399041,
1782860329,
1825654004,
1500031491,
3183117111,
470984387,
1207225367,
363780002,
1145940190,
3520920298,
2098235953,
3369811800,
2517748987,
1839645369,
2221081132,
3431601282,
3942078549,
1843047515,live_publishervariables_maxupdateattempts
3070349742,
1996409641,
2461229489,
4021764866,
1122033415,
733469000,
2449292831,
2671040408,
1347591214,
326467571,
1929000447,
1105386113,
3239892201,
1355838340,
297517400,
3842966312,
705956594,tu8_mtx_enabled
4190805244,
109518666,
2737743623,
1202005419,
1708457101,scr_xpscaleCP
1702769123,scr_xpscaleMP
2658631807,scr_xpscaleZM
3854316512,scr_xpscaleZMPromo
701675555,scr_vialsAwardedScale
1460905663,scr_gunxpscaleCP
3771953489,scr_gunxpscaleMP
3446600153,scr_gunxpscaleZM
3408797560,scr_rankXpCap
3355578217,scr_codpointsxpscale
1668487794,scr_codpointsmatchscale
2559387713,scr_codpointsperchallenge
1979005589,scr_scorestreaks
3906765694,scr_scorestreaks_maxstacking
3670256898,scr_rampagebonusscale
3068458556,scr_disableChallenges
4251584095,scr_disableStatTracking
607918828,scr_disableSetDStat
2191308707,version
15146923,shortversion
314629819,
3591634264,
3903565809,
4277033765,
986647023,
565648299,
3817613759,
4181190891,
1860203101,
2551391188,
131252058,
1643186295,
4211426685,
3871400863,net_emu_latency
1004552749,net_emu_jitter
3214046787,net_emu_packet_loss
269349994,net_emu_server
3396825350,net_emu_client
2983524960,
1513429877,sv_clientside
1992886953,
1843520908,
105717315,
960992635,
4279560526,
3135164399,
2159970330,bot_friends
3669147845,bot_enemies
1186028340,bot_difficulty
3827421617,bot_maxFree
2960888381,bot_maxAllies
3158288428,bot_maxAxis
2238384522,
2329054879,
4012086071,
4069954404,
1843708846,
3901490761,
3699891302,
239733708,
565205376,bot_UseFriendNames
3183985176,bot_fov
2084690622,
2986357192,bot_PitchSpeed
4265850862,bot_PitchSpeedAds
24011165,bot_YawSpeed
1700256993,bot_YawSpeedAds
1766558684,
2351482021,
3101689578,
2463505415,bot_AllowGrenades
2356753563,
3240077737,
770822506,
1405267316,
1602335484,
2252777570,
3386475825,protocol
3079603908,mapname
3812366953,mapcrc
1673207647,
494492999,
19957658,
700398198,sv_privateclients
1224438721,sv_privateClientsForClients
3802505978,sv_endGameIfISuck
3874711314,sv_hostname
663259257,sv_noname
1268797244,sv_clientSideBullets
396353790,sv_clientSideVehicles
504994357,penetrationCount
1660711931,penetrationCount_axis
4231670250,penetrationCount_allies
1509726164,bulletrange
2746506101,sv_expensive_bullet_time
3875377860,fxfrustumCutoff
2684609901,sv_FakeRemoteClient
3272333458,sv_timeout
2072071686,sv_connecttimeout
2039224192,sv_floodProtect
2305888002,sv_writeConfigStrings
2227739765,scr_writeConfigStrings
1297480467,
3381002189,sv_keywords
3388800986,sv_dwlsgerror
2412258723,sv_allowAnonymous
1185649149,sv_disableClientConsole
540463521,sv_privatePassword
1541544726,sv_iwds
3957451405,sv_iwdNames
179051551,sv_referencedIwds
3544994236,sv_referencedIwdNames
711495779,sv_FFCheckSums
1307751235,sv_FFNames
1775866744,sv_referencedFFCheckSums
4190634744,sv_referencedFFNames
3199892839,sv_authenticating
319871458,sv_clientFpsLimit
2917788221,sv_voice
2111570780,sv_voiceQuality
3848538775,sv_pure
2833049241,rcon_password
3941152256,sv_zombietime
2990024769,sv_reconnectlimit
3166222489,sv_sendCmdAngles
2276527101,sv_bitfieldTracking
164529919,sv_mapRotation
3091424142,sv_maprotationcurrent
3250419608,nextmap
2970776841,sv_network_fps
2262373365,sv_assistWorkers
1710893686,sv_restrictedTempEnts
1615411416,sv_maxPhysExplosionSpheres
3539266176,sv_onlineHostSnapshotRateThrottled
3226375392,sv_rateBoosting
2199690923,sv_rateBoostingMinUploadScale
2672000230,sv_rateBoostingMaxUploadUsage
1951376637,sv_rateBoostingSuspendedMaxUploadUsage
585826527,sv_rateBoostingRecoverTime
1102701339,sv_rateBoostingSuspendBadFramesCPU
2770558964,sv_rateBoostingSuspendBadFramesCPUThreshold
2269756188,sv_rateBoostingSuspendBadFramesCPUTimeout
2533876154,sv_rateBoostingDebugForceSuspend
4223393792,sv_rateBoostingAllowUnackDeltas
3565150910,sv_serverLogClientPings
3737187387,sv_maxRate
3564861089,sv_snapshot_skip_count
2550170971,sv_capture_ping_data
963070206,sv_zlib_threshold
3582567208,sv_botThinkType
463401704,sv_antilagAnim
3000043591,
2437910639,
2208019985,
3653256640,
2301913944,
2125097215,
3011993092,migration_minclientcount
3768352563,
29109435,
198981861,
711499664,migration_blocksperframe
706139846,migration_msgtimeout
1141153323,migration_limit
1603615234,
2436719782,
2364536248,
1205142159,migration_timeBetween
1377136641,migration_forceHost
542220220,migration_soak
812644594,
3267696887,
460328321,
325554292,
1139732253,
990510683,
2171307646,
1634048462,sv_clientUpdateDistance
1238951594,sv_forceUpdateInterval
1564998233,sv_dynsnaps
1031514756,dynsnaps_debugspew
2947457909,reliableResendTime
1841376851,reliableTimeoutTime
3938685105,
615405012,
3271692502,playlist_excludeMap
2017065634,playlist_excludeGametype
201630896,playlist_excludeGametypeMap
2820169363,playlist_allowdevmaps
3664621349,
3536003888,
654677511,
1740070750,
2508819874,
718305837,
4060754317,
1145521285,
1255171467,
1771272187,
3610387947,
2332942452,
4277436286,
3636487006,
2376755462,
690587664,
2798343031,
2346067913,
1007776391,
2937319807,
913203866,
3920861007,
2452753796,allEmblemsUnlocked
299627814,allEmblemsPurchased
1668330164,checkEmblemForRank
3845446447,sv_maxclients
1824752833,ui_playlistPopulationRefreshTime
987138227,ui_creditSkipTo
2278618692,ui_netSource
591201061,ui_smp_hud_models
1828340345,ui_lastServerRefresh_0
1190643728,ui_lastServerRefresh_1
3103733579,ui_lastServerRefresh_2
2466036962,ui_lastServerRefresh_3
84159517,ui_lastServerRefresh_4
691920328,ui_smallFont
850710599,ui_bigFont
100623931,ui_drawBuildNumber
2080977630,ui_demoname
2090067386,ui_liveEventViewerOpen
652211468,ui_menuLvlNotify
1048576515,selectedFriendName
946428058,selectedFriendIndex
606500495,selectedPlayerXuid
2588514758,highlightedPlayerName
2407765904,ui_lobbypopup
2861570079,ls_status
1561815937,ui_keyboardtitle
770431354,ui_keyboard_dvar_edit
958300049,ls_demoauthor
1012809868,scr_hardcore
2945939998,ui_splitscreen
3736596284,ui_hud_showobjicons
4252804749,ui_hud_obituaries
4094349748,g_FactionName_Axis
3299360309,g_FactionName_Allies
3530304225,ui_display_aar
4189005400,ui_numTacticalWidgets
3915158855,ui_readingSaveDevice
3396343470,ui_currMenuNameList
2289252894,ui_currFocusList
2245871696,ui_currFocusStates
4064229108,
3225063993,ui_paintshopEditDarkening
3400881297,
1455103518,
3625312246,ui_hud_hardcore
312768212,ui_allow_classchange
2332853138,ui_hud_visible
2649771307,ls_gametype
2202101240,ls_mapname
2432039036,ls_maplocation
2777519642,ls_demotitle
1759729848,ls_demoduration
2503765834,ui_busyBlockIngameMenu
3051772515,ui_heatMapColor
2514618987,ui_heatMapColorForPlayer
172873827,ui_useloadingmovie
4082903008,ui_useoutromovie
2058459076,ui_zm_gamemodegroup
2029178714,ui_badWordSeverity
2941838862,ui_badWordMaxTaskWaits
2801031597,ui_friendsListOpen
190966009,ui_playerListOpen
279744613,ui_dedicated
2999165772,ui_currentNetMap
2804760408,
3036748345,bgcache_disablewarninghints
1938587514,
3783386705,
1750992917,
3738998315,
94062952,
671971964,
2817168486,
2920650862,
1001459564,
823004793,
3376290748,
3842871778,
1112277703,
3077773381,
3240467308,
826786736,ai_instantNoSolidOnDeath
1409493373,glassDamageMultiplier
1680470827,
446261975,ai_showNavMesh
2840781302,ai_showNavMeshRegions
3693048848,ai_showNavMeshSilhouettes
1846133606,ai_showNavMeshBadEdges
4171359736,ai_showNavMeshTriggers
1195160508,ai_showNavPaths
667633985,ai_showNavMemory
2116328737,ai_showNavStats
2933516498,ai_showClearanceCeiling
103301917,ai_navDraw_DepthTest
3711330499,ai_navDraw_Height
3340597860,ai_navDisplay_X
3978294477,ai_navDisplay_Y
1994203616,ai_navDisplay_Alpha
1457451048,ai_navDisplay_FontSize
2006411598,ai_showNavVolume
4276068123,ai_showNavVolumeStats
1220013452,ai_navVolume_fillCells
600768450,ai_navVoume_colorCellsRandomly
3687625546,ai_navVolume_showCellBorders
80624753,ai_navVolume_showEdgeConnections
3921631491,ai_navVolume_labelCells
2078618625,ai_navVolume_Cave
1546518143,ai_debugFlyingPath
3967049251,ai_warnMissingNavVolume
2183163054,ai_navVolumeLayerIndex
4001218385,
1119544698,
3647846874,
1389777876,
1525764805,
3458820377,
2883976026,
1714464385,
1166310330,
3848133083,
4232182059,
197907773,
2804019092,
3470610254,
3992701543,
4078972348,
3148796887,
3197273665,
1784316039,
2578445752,
181915283,
2237385688,
1485787481,
2236089280,
963529808,
4245487717,
3676879414,
3408280641,
86756414,
304425815,
1196156998,
751000417,
797583984,ai_generateNavmeshRegions
1071704127,
3420241335,
1169391625,
694885313,
800731282,
935823574,
2752609087,
3244801463,
1562100484,
2534830468,r_textureMode
3189307609,ui_extraBigFont
661205429,welcome_shown
328933314,
659755902,
2534474822,
4224133396,hud_fade_ammoDisplay
4002558403,
1924056331,
339720053,
3686488400,hud_fade_stance
1307967165,hud_health_startpulse_injured
2786413150,hud_healthOverlay_regenPauseTime
3140218163,hud_healthOverlay_pulseStart
41093313,hud_healthOverlay_pulseStop
2194522418,hud_healthOverlay_phaseOne_toAlphaAdd
1196596855,hud_healthOverlay_phaseOne_pulseDuration
4021595738,hud_healthOverlay_phaseTwo_toAlphaMultiplier
3728771593,hud_healthOverlay_phaseTwo_pulseDuration
608446196,hud_healthOverlay_phaseThree_toAlphaMultiplier
3312864283,hud_healthOverlay_phaseThree_pulseDuration
3397726371,hud_healthOverlay_phaseEnd_fromAlpha
260740882,hud_healthOverlay_phaseEnd_toAlpha
3727409372,hud_healthOverlay_phaseEnd_pulseDuration
2137647287,
1142365123,fx_enable
3318625348,fx_draw
1590902185,fx_marks_draw
3464153787,fx_freeze
1555313714,fx_debugBolt
679745547,fx_count
4201046767,fx_visMinTraceDist
2842458509,fx_profile
3573281403,fx_mark_profile
2929759558,fx_drawClouds
3223690950,fx_priority_debug
918400380,fx_priority_enable
2934601038,fx_occlusion_query_profile
898857922,fx_occlusion_max_player_count
1099129300,
4076936863,
3568987205,fx_draw_weapon_tags
773588443,fx_use_ground_entity
1980335958,fx_marks_range
2783585622,fx_show_names_range
4099733632,fx_show_distances
184608300,fx_compute_sprites_enable
3912089064,fx_compute_sprites_enable_all
2785371215,fx_compute_sprites_debug_draw
1001736625,fx_compute_sprites_shadow
748319467,fx_compute_sprites_show_lmap
1939859759,fx_compute_sprites_only
3752329651,fx_attempt_trail_reconstruction
3355550903,fx_attempt_trail_reconstruction_debug
1955432334,fx_attempt_trail_reconstruction_lerp_time_ms
1045505097,fx_attempt_trail_reconstruction_lerp_ratio
1787172644,fx_gpufx_library_enable
549080760,fx_gpufx_update_enable
2483440515,fx_gpufx_draw_enable
2279260681,fx_gpufx_sort_enable
2876455904,fx_gpufx_debug_enable
1587144024,fx_gpufx_no_water
3867091452,fx_gpufx_elem_limit
896778278,fx_gpufx_sprite_limit
762872843,fx_marks_forward_vol_marks_enable
2052763906,
2760493694,
4184104499,aim_target_closest_first
1747370714,
1858785518,
1608106512,
3208148171,aim_autoaim_enabled
3105779554,
3514426630,
3442243096,
2215252863,
3663238898,
2368294294,
3935764465,
4099962422,
2539734107,
3403248830,
323089760,
613933269,
3582978079,
1410684435,
3045315466,
1527125694,
3290437308,
1904288823,
4050210838,
693311643,
2017953642,
3434459004,
2228851823,
1654392080,
3505009776,
1541461931,
3013625671,
1615548940,
3673225567,
1697751339,
3826855156,
925820080,
3342220067,
3791345859,
642889509,
3849130182,
4150018690,
1775203709,xPGroups
483205241,gunXPGroups
585820487,
4074690906,
1567540200,
4274561076,
1169640672,
3524919715,ui_options_open
3606660312,ui_borderLowLightScale
1257324510,ui_allow_controlschange
2937738681,ui_showmap
294160475,ui_mpTheaterEnabled
829069899,ui_mpWagerMatchEnabled
3117910436,scr_disable_air_death_ragdoll
2261507038,scr_custom_score_assist
1225627241,scr_hardpoint_allowuav
1290174086,scr_hardpoint_allowdogs
4205460682,scr_team_teamkillerplaylistbanquantum
89622910,scr_team_teamkillerplaylistbanpenalty
3044054842,scr_min_prestige
2478785585,xblive_wagermatch
1918624125,scr_wagerBet
3645700646,scr_wagerSideBet
3730135983,scr_sideBetTimer
2954147554,scr_wagerPool
1633566965,scr_wager_firstPayout
1751659921,scr_wager_secondPayout
3764124164,scr_wager_thirdPayout
95548820,scr_wager_firstPlayer
1028503544,scr_wager_secondPlayer
3560992917,scr_wager_thirdPlayer
2313658624,r_watersim_enabled
3664552276,scr_showperksonspawn
678285289,scr_deleteexplosivesonspawn
1729815288,
4175964807,
1588542212,
3702827090,
4192024697,
128841603,
4292585894,
2173994444,
1803546791,
2562934435,
3244758114,
2504486184,
612046639,
1351336231,cl_jqprof_enabled
613470565,cl_jqprof_continuous
1751222013,cl_jqprof_threshold
526782734,cl_jqprof_frequency
1036772049,UI_enabled
9612386,
2085379151,
3747642409,
3775999744,
2421456787,
2526247950,
1891571221,
1151809256,
2536071549,r_pix_material
3541645827,r_pix_sortkey
3269936741,r_jqprof_capture
3415642370,cg_drawGun
261796126,cg_draw2D
3987937201,cg_drawFPS
2010111647,
1663868278,
1469919587,lobbyTimerStatusStartInterval
1142843034,
2066046792,
2844336444,
4207409150,
3604870100,
3999410811,
3473291847,sv_playlist
3285967546,
594953496,
3124264595,
1228994512,
3425169446,
451242449,sv_detailedScriptErrors
2776690001,
78569993,
3411497045,sv_jqprof_enabled
1029833071,sv_jqprof_threshold
543841127,sv_jqprof_continuous
2536573460,sv_jqprof_frequency
1910077325,sv_jqprof_profileCheckpointFrames
3938685105,playlist_linearMapCycle
615405012,playlist_linearMapCycleRandom
1462835259,party_maxlocalplayers_theater
3229334613,scr_attack_dog_time_zm
3480047925,scr_attack_dog_kills_zm
32505910,scr_attack_dog_health_zm
263341555,scr_attack_dog_count_zm
2060360590,scr_attack_dog_max_at_once_zm
4262468972,item_exclusion_0
605198293,item_exclusion_1
1242894910,item_exclusion_2
1880591527,item_exclusion_3
1711682504,item_exclusion_4
2349379121,item_exclusion_5
2987075738,item_exclusion_6
3624772355,item_exclusion_7
3455863332,item_exclusion_8
4093559949,item_exclusion_9
2110656671,item_exclusion_10
1472960054,item_exclusion_11
835263437,item_exclusion_12
197566820,item_exclusion_13
3854837499,item_exclusion_14
3217140882,item_exclusion_15
2579444265,item_exclusion_16
1941747648,item_exclusion_17
2917262311,item_exclusion_18
2279565694,item_exclusion_19
3112766186,attachment_exclusion_0
3750462803,attachment_exclusion_1
1837372952,attachment_exclusion_2
2475069569,attachment_exclusion_3
1368585358,attachment_exclusion_4
2006281975,attachment_exclusion_5
93192124,attachment_exclusion_6
730888741,attachment_exclusion_7
2306160546,attachment_exclusion_8
2943857163,attachment_exclusion_9
1545196889,attachment_exclusion_10
907500272,attachment_exclusion_11
2820590123,attachment_exclusion_12
2182893506,attachment_exclusion_13
4095983357,attachment_exclusion_14
3458286740,attachment_exclusion_15
1076409295,attachment_exclusion_16
438712678,attachment_exclusion_17
2351802529,attachment_exclusion_18
1714105912,attachment_exclusion_19
